Code;Nom de la commune;Pas ou peu diplômés ;p sans;CAP ou BEP;p bep;BAC;p bac;Université;p uni;note
91204;√âcharcon;107;18;153;26;118;20;204;35;1,71
77164;√âchouboulains;100;25;122;30;87;22;93;23;1,43
95205;√âcouen;1155;23;1222;24;1005;20;1643;33;1,63
77167;√âgligny;54;24;79;35;49;22;43;19;1,36
91207;√âgly;1285;33;951;24;757;19;901;23;1,31
77168;√âgreville;482;31;465;30;273;18;336;22;1,32
78208;√âlancourt;3474;20;3433;20;3235;19;7340;42;1,84
78209;√âmanc√©;86;14;121;20;124;20;286;46;1,98
77169;√âmerainville;1350;25;1015;19;1081;20;1935;36;1,67
78217;√âp√¥ne;1228;26;1176;25;737;16;1514;33;1,56
95212;√âpiais-l√®s-Louvres;20;25;17;21;22;27;22;27;1,56
95213;√âpiais-Rhus;91;20;92;20;84;19;185;41;1,81
95214;√âpinay-Champl√¢treux;10;21;10;21;11;23;17;35;1,72
91215;√âpinay-sous-S√©nart;2685;33;1851;23;1624;20;1910;24;1,35
91216;√âpinay-sur-Orge;2058;26;1545;19;1341;17;3110;39;1,7
93031;√âpinay-sur-Seine;14726;41;6790;19;6964;19;7416;21;1,2
95218;√âragny;2790;24;2528;22;2177;19;3996;35;1,65
91223;√âtampes;6289;37;3789;22;2764;16;4001;24;1,26
91225;√âtiolles;275;12;321;14;454;20;1231;54;2,16
91226;√âtr√©chy;1257;26;1298;26;923;19;1430;29;1,51
77173;√âtr√©pilly;140;23;218;36;117;19;130;21;1,37
78227;√âvecquemont;84;14;148;25;110;19;240;41;1,86
91228;√âvry;12360;29;7999;19;8609;20;13657;32;1,55
77175;√âvry-Gr√©gy-sur-Yerre;364;19;452;24;391;20;708;37;1,75
95229;√âzanville;1826;27;1604;23;1273;19;2138;31;1,54
91001;Abb√©ville-la-Rivi√®re;48;22;55;26;58;27;54;25;1,55
95002;Ableiges;145;18;209;27;147;19;286;36;1,73
78003;Ablis;530;23;644;27;421;18;755;32;1,59
94001;Ablon-sur-Seine;1187;29;794;20;895;22;1170;29;1,51
78005;Ach√®res;3852;27;3451;24;2443;17;4632;32;1,54
77001;Ach√®res-la-For√™t;163;19;173;21;167;20;338;40;1,81
78006;Adainville;135;23;113;20;121;21;210;36;1,7
78007;Aigremont;85;12;73;10;100;14;480;65;2,33
95008;Aincourt;213;30;179;25;125;18;186;26;1,39
94002;Alfortville;9006;29;5305;17;5144;17;11429;37;1,62
78009;Allainville;53;23;82;36;41;18;51;22;1,38
95011;Ambleville;79;28;86;30;51;18;69;24;1,38
95012;Amenucourt;30;20;51;34;35;23;33;22;1,46
77002;Amillis;180;29;171;28;119;19;145;24;1,38
77003;Amponville;60;22;66;24;55;20;89;33;1,63
78013;Andelu;49;15;73;23;60;19;135;43;1,9
95014;Andilly;431;23;329;18;324;17;783;42;1,78
78015;Andr√©sy;1680;18;1669;18;1647;18;4205;46;1,92
77004;Andrezel;54;24;65;29;50;22;57;25;1,48
91016;Angerville;922;32;938;32;548;19;493;17;1,21
91017;Angervilliers;300;25;271;22;212;17;430;35;1,61
77005;Annet-sur-Marne;409;18;545;24;523;23;786;35;1,75
92002;Antony;7425;17;5606;13;6175;14;24292;56;2,09
77006;Arbonne-la-For√™t;160;21;222;29;152;20;227;30;1,59
94003;Arcueil;3917;26;2456;17;2378;16;6047;41;1,72
95018;Argenteuil;25967;35;16122;22;12570;17;19456;26;1,34
77007;Argenti√®res;65;24;66;24;60;22;85;31;1,61
77008;Armenti√®res-en-Brie;266;36;166;22;141;19;167;23;1,29
95019;Arnouville;3864;40;2268;23;1517;16;2037;21;1,18
78020;Arnouville-l√®s-Mantes;112;17;164;25;134;21;242;37;1,78
91021;Arpajon;2243;29;1865;24;1289;17;2223;29;1,45
91022;Arrancourt;22;21;30;28;15;14;39;37;1,67
95023;Arronville;102;21;119;24;112;23;162;33;1,69
95024;Arthies;46;23;41;21;52;27;57;29;1,62
77009;Arville;23;23;31;31;20;20;25;25;1,46
95026;Asni√®res-sur-Oise;453;24;472;25;347;18;615;33;1,6
92004;Asni√®res-sur-Seine;12878;22;8019;13;8762;15;30153;50;1,93
91027;Athis-Mons;7389;32;4556;20;4302;18;7039;30;1,46
95028;Attainville;255;21;329;26;250;20;408;33;1,65
77010;Aubepierre-Ozouer-le-Repos;148;23;199;31;111;17;191;29;1,52
78029;Aubergenville;2540;31;2436;29;1294;16;1990;24;1,33
93001;Aubervilliers;28438;49;9193;16;8794;15;11369;20;1,06
78030;Auffargis;196;13;276;19;260;18;724;50;2,05
77011;Aufferville;93;25;108;29;79;21;96;26;1,49
78031;Auffreville-Brasseuil;106;22;134;27;101;21;147;30;1,59
77012;Augers-en-Brie;58;26;60;27;56;25;51;23;1,46
93005;Aulnay-sous-Bois;22200;40;11209;20;9793;18;12721;23;1,25
78033;Aulnay-sur-Mauldre;163;20;190;23;138;17;329;40;1,77
77013;Aulnoy;67;25;71;26;55;20;76;28;1,5
78034;Auteuil;124;18;148;22;109;16;299;44;1,86
91035;Authon-la-Plaine;62;24;82;31;48;18;70;27;1,48
78036;Autouillet;55;16;63;18;64;18;169;48;1,98
91037;Auvernaux;42;17;79;33;52;21;70;29;1,62
91038;Auvers-Saint-Georges;172;19;233;25;191;21;326;35;1,72
95039;Auvers-sur-Oise;1166;23;1137;22;1004;20;1818;35;1,67
95040;Avernes;99;16;133;21;105;17;293;47;1,96
77014;Avon;2626;26;1949;19;1719;17;3971;39;1,7
91041;Avrainville;141;22;150;23;124;19;231;36;1,69
78053;B√©houst;71;22;65;20;59;18;135;41;1,79
95061;B√©themont-la-For√™t;37;12;57;19;53;18;152;51;2,08
77015;Baby;13;18;28;39;12;17;18;25;1,48
77016;Bagneaux-sur-Loing;502;41;377;31;192;16;150;12;0,99
92007;Bagneux;7776;29;5265;20;4655;17;9234;34;1,56
93006;Bagnolet;9105;36;4163;17;4202;17;7674;31;1,44
95042;Baillet-en-France;336;23;358;25;274;19;474;33;1,62
78043;Bailly;285;11;247;9;419;16;1742;65;2,36
77018;Bailly-Romainvilliers;724;15;804;17;1091;23;2115;45;1,98
91044;Ballainvilliers;609;20;618;20;601;19;1278;41;1,81
91045;Ballancourt-sur-Essonne;1765;32;1432;26;969;18;1310;24;1,34
77019;Balloy;73;30;77;32;43;18;51;21;1,31
77020;Bannost-Villegagnon;116;25;153;33;85;18;113;24;1,41
95046;Banthelu;25;24;21;20;25;24;35;33;1,67
77021;Barbey;22;20;43;39;27;25;17;16;1,37
77022;Barbizon;194;21;162;18;174;19;395;43;1,85
77023;Barcy;46;23;52;26;56;28;47;23;1,51
77024;Bassevelle;63;25;83;33;50;20;55;22;1,39
91047;Baulne;222;23;271;28;197;20;290;30;1,58
78048;Bazainville;180;18;212;21;196;20;412;41;1,84
78049;Bazemont;199;17;227;20;180;16;547;47;1,93
77025;Bazoches-l√®s-Bray;254;38;206;31;112;17;95;14;1,07
78050;Bazoches-sur-Guyonne;43;10;76;18;84;20;225;53;2,17
95051;Beauchamp;1455;23;1474;23;1151;18;2286;36;1,67
77026;Beauchery-Saint-Martin;86;31;66;24;47;17;77;28;1,42
77027;Beaumont-du-G√¢tinais;261;31;284;34;142;17;146;18;1,22
95052;Beaumont-sur-Oise;2083;31;1712;25;1238;18;1773;26;1,39
77029;Beauvoir;30;19;61;39;27;17;37;24;1,45
95055;Bellefontaine;141;38;73;20;54;15;104;28;1,34
77030;Bellot;138;25;180;32;115;20;130;23;1,41
95056;Belloy-en-France;361;24;393;26;265;18;481;32;1,58
78057;Bennecourt;368;27;411;30;250;18;328;24;1,38
77031;Bernay-Vilbert;142;24;160;26;134;22;168;28;1,54
95058;Bernes-sur-Oise;558;32;523;30;288;16;388;22;1,28
95059;Berville;44;18;62;25;50;20;93;37;1,76
95060;Bessancourt;1201;24;1209;24;942;19;1673;33;1,61
77032;Beton-Bazoches;219;35;215;34;115;18;85;13;1,09
78062;Beynes;974;18;1334;25;1021;19;2097;39;1,8
77033;Bezalles;49;29;39;23;36;21;44;26;1,43
95063;Bezons;6811;34;4648;23;3378;17;5172;26;1,35
91064;Bi√®vres;442;14;510;16;471;15;1818;56;2,14
77034;Blandy;121;22;142;26;87;16;195;36;1,66
91067;Blandy;23;26;35;39;20;22;11;12;1,19
78068;Blaru;140;22;171;27;128;20;199;31;1,6
77035;Blennes;87;21;122;29;95;23;115;27;1,56
93008;Bobigny;16459;49;5966;18;5247;16;6157;18;1,04
91069;Boigneville;76;25;90;29;48;15;96;31;1,52
78070;Boinville-en-Mantois;32;15;66;31;37;17;81;38;1,79
78071;Boinville-le-Gaillard;76;18;118;28;82;19;146;35;1,71
78072;Boinvilliers;37;17;72;33;32;15;75;35;1,68
92009;Bois-Colombes;4106;21;2422;12;2923;15;10428;52;1,98
78073;Bois-d'Arcy;2105;20;2368;23;1988;19;3993;38;1,75
91075;Bois-Herpin;10;19;19;35;9;17;16;30;1,59
77037;Bois-le-Roi;619;15;599;14;649;16;2318;55;2,11
77036;Boisdon;34;34;29;29;14;14;24;24;1,29
95074;Boisemont;87;16;122;22;98;18;244;44;1,9
78076;Boissets;44;22;61;31;45;23;50;25;1,52
77038;Boissettes;43;15;63;22;55;19;123;43;1,89
77039;Boissise-la-Bertrand;172;19;241;27;161;18;325;36;1,71
77040;Boissise-le-Roi;613;22;696;24;541;19;993;35;1,67
77041;Boissy-aux-Cailles;40;19;55;25;40;19;81;38;1,77
95078;Boissy-l'Aillerie;222;17;303;24;232;18;528;41;1,83
91079;Boissy-la-Rivi√®re;71;17;92;22;94;23;153;37;1,79
77042;Boissy-le-Ch√¢tel;702;31;660;29;418;18;486;21;1,28
91080;Boissy-le-Cutt√©;288;31;263;28;170;18;222;24;1,36
91081;Boissy-le-Sec;104;21;131;27;74;15;178;37;1,68
78082;Boissy-Mauvoisin;113;26;111;25;88;20;129;29;1,52
94004;Boissy-Saint-L√©ger;3318;31;2324;22;2015;19;3079;29;1,47
78084;Boissy-sans-Avoir;87;20;83;19;73;17;197;45;1,88
91085;Boissy-sous-Saint-Yon;612;22;717;26;566;21;851;31;1,61
77043;Boitron;65;24;99;37;44;16;60;22;1,35
77044;Bombon;121;17;270;37;132;18;198;27;1,54
91086;Bondoufle;1366;21;1634;25;1300;20;2197;34;1,67
93010;Bondy;15153;42;6552;18;6441;18;7527;21;1,17
78087;Bonnelles;242;17;272;20;258;19;620;45;1,93
95088;Bonneuil-en-France;221;31;175;24;149;21;177;25;1,41
94011;Bonneuil-sur-Marne;4801;41;2717;23;1839;16;2436;21;1,18
78089;Bonni√®res-sur-Seine;1131;35;975;30;529;16;604;19;1,19
78090;Bouafle;423;27;405;26;249;16;494;31;1,51
95091;Bouff√©mont;1035;25;873;21;769;18;1497;36;1,65
78092;Bougival;920;15;731;12;959;16;3430;57;2,15
77045;Bougligny;171;31;174;32;90;16;111;20;1,24
77046;Boulancourt;71;25;84;30;45;16;79;28;1,46
77047;Bouleurs;249;24;272;27;206;20;299;29;1,54
91093;Boullay-les-Troux;54;12;60;13;63;14;276;61;2,24
92012;Boulogne-Billancourt;12916;15;7076;8;11258;13;54872;64;2,26
95094;Bouqueval;88;39;64;28;33;15;41;18;1,12
91095;Bouray-sur-Juine;438;28;354;22;278;18;516;33;1,57
78096;Bourdonn√©;78;20;68;18;74;19;165;43;1,85
92014;Bourg-la-Reine;2097;15;1307;9;1819;13;9142;64;2,27
77048;Bourron-Marlotte;463;23;414;21;321;16;815;40;1,73
91097;Boussy-Saint-Antoine;1290;26;1046;21;1039;21;1664;33;1,62
91098;Boutervilliers;58;19;92;31;58;19;90;30;1,59
77049;Boutigny;130;19;202;30;124;19;213;32;1,64
91099;Boutigny-sur-Essonne;582;25;626;27;446;19;671;29;1,52
91100;Bouville;102;21;145;31;89;19;139;29;1,56
95102;Br√©an√ßon;46;16;77;27;56;19;109;38;1,79
77052;Br√©au;56;24;66;28;45;19;65;28;1,5
91103;Br√©tigny-sur-Orge;4321;24;3952;22;3250;18;6373;36;1,66
78107;Br√©val;312;23;399;29;251;18;397;29;1,52
77050;Bransles;143;36;117;29;61;15;78;20;1,19
95101;Bray-et-L√ª;220;33;196;30;132;20;115;17;1,21
77051;Bray-sur-Seine;719;42;438;26;244;14;294;17;1,05
78104;Breuil-Bois-Robert;127;24;129;24;83;16;193;36;1,64
91105;Breuillet;1449;24;1379;23;1079;18;2104;35;1,64
91106;Breux-Jouy;264;28;254;27;136;14;287;30;1,45
91109;Bri√®res-les-Scell√©s;176;21;259;30;187;22;228;27;1,55
77053;Brie-Comte-Robert;3301;27;3115;25;2503;20;3369;27;1,46
95110;Brignancourt;20;14;29;20;31;21;68;46;2
91111;Briis-sous-Forges;509;20;506;20;406;16;1094;43;1,81
77055;Brou-sur-Chantereine;796;27;781;26;643;22;746;25;1,45
91112;Brouy;27;25;28;26;28;26;26;24;1,5
78113;Brueil-en-Vexin;78;16;123;25;110;22;180;37;1,8
91114;Brunoy;4307;24;3384;19;3200;18;7221;40;1,75
91115;Bruy√®res-le-Ch√¢tel;513;22;545;23;394;17;896;38;1,71
95116;Bruy√®res-sur-Oise;834;30;842;31;480;17;604;22;1,31
94015;Bry-sur-Marne;2128;18;1715;15;1959;17;5725;50;1,99
78117;Buc;440;11;482;12;577;14;2500;63;2,29
78118;Buchelay;576;27;558;26;369;17;632;30;1,5
95119;Buhy;61;28;58;26;43;20;57;26;1,44
78120;Bullion;196;15;228;17;232;17;674;51;2,04
91121;Buno-Bonnevaux;81;24;104;31;57;17;92;28;1,49
77056;Burcy;39;31;35;28;23;18;29;23;1,33
91122;Bures-sur-Yvette;805;13;754;12;727;11;4049;64;2,26
77057;Bussi√®res;135;40;90;27;54;16;58;17;1,1
77058;Bussy-Saint-Georges;2644;15;2258;13;3494;20;9210;52;2,09
77059;Bussy-Saint-Martin;76;15;113;22;91;18;233;45;1,93
77060;Buthiers;154;27;173;31;76;13;160;28;1,41
95120;Butry-sur-Oise;310;20;374;24;303;19;581;37;1,73
77065;C√©ly;214;25;199;23;160;19;289;34;1,63
94016;Cachan;4750;24;2735;14;2740;14;9257;48;1,86
77061;Cannes-√âcluse;568;31;618;34;297;16;344;19;1,23
77062;Carnetin;81;24;74;22;69;20;118;35;1,67
78123;Carri√®res-sous-Poissy;3233;30;2134;20;1674;15;3850;35;1,55
78124;Carri√®res-sur-Seine;1936;19;1451;14;1437;14;5230;52;1,98
95127;Cergy;10126;26;6711;17;7708;20;14720;37;1,68
78128;Cernay-la-Ville;132;12;162;14;191;17;646;57;2,19
77066;Cerneux;69;31;78;35;38;17;39;17;1,2
91129;Cerny;595;24;602;25;511;21;740;30;1,57
77067;Cesson;1578;23;1536;22;1391;20;2448;35;1,67
77068;Cessoy-en-Montois;38;22;59;34;30;17;45;26;1,46
95157;Ch√©rence;27;21;33;26;25;20;42;33;1,65
77099;Ch√¢teau-Landon;777;35;701;31;363;16;389;17;1,14
77098;Ch√¢teaubleau;97;37;58;22;52;20;53;20;1,22
78143;Ch√¢teaufort;96;10;98;10;122;13;630;67;2,37
95144;Ch√¢tenay-en-France;9;18;6;12;5;10;30;60;2,12
92019;Ch√¢tenay-Malabry;4812;22;3539;16;3391;15;10512;47;1,87
77101;Ch√¢tenay-sur-Seine;211;28;249;33;134;18;155;21;1,32
77102;Ch√¢tenoy;39;30;40;31;15;12;35;27;1,36
92020;Ch√¢tillon;4708;18;3548;14;3954;15;13537;53;2,03
77103;Ch√¢tillon-la-Borde;32;20;41;26;27;17;59;37;1,71
77104;Ch√¢tres;72;16;112;25;102;23;163;36;1,79
77069;Chailly-en-Bi√®re;446;29;355;23;254;17;471;31;1,5
77070;Chailly-en-Brie;288;29;303;30;197;20;212;21;1,33
77071;Chaintreaux;185;28;216;32;111;17;155;23;1,35
77072;Chalautre-la-Grande;125;26;167;34;87;18;108;22;1,36
77073;Chalautre-la-Petite;116;27;114;27;74;17;123;29;1,48
77075;Chalifert;163;18;221;25;177;20;323;37;1,76
77076;Chalmaison;160;30;176;33;97;18;108;20;1,29
91130;Chalo-Saint-Mars;160;20;222;27;141;17;290;36;1,69
91131;Chalou-Moulineux;64;21;80;26;73;24;93;30;1,64
91132;Chamarande;188;23;185;22;148;18;307;37;1,69
78133;Chambourcy;609;15;652;17;622;16;2055;52;2,05
77077;Chambry;177;26;213;31;129;19;174;25;1,44
77078;Chamigny;275;27;284;28;182;18;275;27;1,45
95134;Champagne-sur-Oise;764;22;959;28;684;20;1079;31;1,61
77079;Champagne-sur-Seine;1501;34;1309;30;747;17;827;19;1,21
77080;Champcenest;40;26;46;30;33;21;35;23;1,41
91135;Champcueil;578;27;469;22;418;19;680;32;1,56
77081;Champdeuil;123;24;143;28;123;24;117;23;1,45
77082;Champeaux;173;29;173;29;107;18;150;25;1,4
94017;Champigny-sur-Marne;17410;33;10732;20;9323;18;15508;29;1,43
91136;Champlan;605;31;501;26;332;17;511;26;1,38
91137;Champmotteux;52;21;67;27;55;22;77;31;1,64
77083;Champs-sur-Marne;3850;24;3168;20;3037;19;6007;37;1,69
77084;Changis-sur-Marne;190;23;223;27;160;19;262;31;1,58
77085;Chanteloup-en-Brie;486;20;464;19;466;19;1029;42;1,83
78138;Chanteloup-les-Vignes;2580;38;1428;21;1165;17;1597;24;1,27
78140;Chapet;143;16;188;20;168;18;423;46;1,94
94018;Charenton-le-Pont;3994;19;2878;13;3476;16;11112;52;2,01
77094;Charmentray;33;17;55;28;45;23;62;32;1,7
95141;Charmont;7;26;7;26;7;26;6;22;1,44
77095;Charny;198;22;241;27;181;20;263;30;1,57
95142;Chars;447;30;394;26;306;20;356;24;1,38
77096;Chartrettes;287;15;376;20;304;16;929;49;1,99
77097;Chartronges;52;25;63;31;44;22;45;22;1,41
91145;Chatignonville;5;11;16;34;13;28;13;28;1,74
78146;Chatou;3441;16;2617;12;3117;14;12397;57;2,11
77335;Chauconin-Neufmontiers;768;32;706;30;414;17;488;21;1,27
91148;Chauffour-l√®s-√âtr√©chy;12;12;35;36;22;23;28;29;1,69
77106;Chauffry;156;22;237;33;139;19;190;26;1,49
78147;Chaufour-l√®s-Bonni√®res;74;22;100;30;56;17;103;31;1,57
77107;Chaumes-en-Brie;579;25;590;26;451;20;677;29;1,53
95149;Chaumontel;640;27;661;27;463;19;643;27;1,46
95150;Chaussy;85;21;112;27;77;19;138;33;1,64
95151;Chauvry;39;18;52;24;43;19;87;39;1,79
78152;Chavenay;132;11;120;10;195;16;797;64;2,34
92022;Chaville;2642;18;1755;12;1777;12;8262;57;2,07
77108;Chelles;10607;29;8153;22;6913;19;11277;31;1,53
95154;Chennevi√®res-l√®s-Louvres;55;28;57;29;39;20;48;24;1,41
94019;Chennevi√®res-sur-Marne;3997;31;2429;19;2328;18;3935;31;1,48
77109;Chenoise;437;37;360;31;202;17;180;15;1,1
77110;Chenou;77;32;87;36;37;15;42;17;1,17
91156;Cheptainville;233;17;327;24;255;18;571;41;1,83
77111;Chessy;647;18;617;18;823;24;1414;40;1,86
91159;Chevannes;254;22;297;25;213;18;403;35;1,66
94021;Chevilly-Larue;3998;30;2547;19;2482;18;4416;33;1,54
77112;Chevrainvilliers;26;15;66;37;33;19;53;30;1,65
78160;Chevreuse;702;17;604;15;584;14;2217;54;2,05
77113;Chevru;196;27;282;38;119;16;140;19;1,27
77114;Chevry-Cossigny;721;26;652;24;552;20;813;30;1,54
77115;Chevry-en-Sereine;96;26;98;26;75;20;101;27;1,47
91161;Chilly-Mazarin;3972;28;2796;20;2941;21;4530;32;1,58
78162;Choisel;48;12;69;18;67;17;206;53;2,11
77116;Choisy-en-Brie;299;29;308;30;201;20;208;20;1,3
94022;Choisy-le-Roi;9104;30;5479;18;5649;19;10297;34;1,58
77117;Citry;183;30;180;30;117;19;126;21;1,31
78163;Civry-la-For√™t;38;15;68;27;52;21;91;37;1,8
95166;Cl√©ry-en-Vexin;75;24;70;22;73;23;97;31;1,61
78164;Clairefontaine-en-Yvelines;97;15;100;16;115;18;321;51;2,05
92023;Clamart;8153;22;5969;16;5794;16;17318;47;1,89
77118;Claye-Souilly;2267;25;2232;25;1797;20;2700;30;1,55
92024;Clichy;11276;27;6031;14;6482;15;18474;44;1,76
93014;Clichy-sous-Bois;9632;54;3124;17;2814;16;2393;13;0,88
77119;Clos-Fontaine;57;29;49;25;49;25;44;22;1,41
77120;Cocherel;128;30;147;34;68;16;84;20;1,26
78168;Coigni√®res;910;30;767;25;539;18;847;28;1,45
77121;Coll√©gien;546;23;513;22;464;20;821;35;1,67
92025;Colombes;15319;26;9678;17;9199;16;24091;41;1,72
77122;Combs-la-Ville;3769;25;3330;22;3228;21;4879;32;1,6
95169;Commeny;48;15;85;27;68;21;116;37;1,8
77123;Compans;170;31;160;29;108;20;105;19;1,26
77124;Conches-sur-Gondoire;253;20;227;18;220;17;591;46;1,9
77125;Cond√©-Sainte-Libiaire;259;25;277;27;198;19;309;30;1,55
78171;Cond√©-sur-Vesgre;143;17;194;23;154;18;365;43;1,88
95170;Cond√©court;84;20;113;27;78;19;136;33;1,64
78172;Conflans-Sainte-Honorine;5934;24;4960;20;4340;18;9559;39;1,73
91613;Congerville-Thionville;44;28;43;27;26;16;47;29;1,46
77126;Congis-sur-Th√©rouanne;282;25;350;31;197;17;303;27;1,46
91174;Corbeil-Essonnes;11805;34;7374;21;6537;19;8837;26;1,37
91175;Corbreuse;283;23;336;27;240;19;395;31;1,58
95176;Cormeilles-en-Parisis;3705;22;3343;20;2963;18;6618;40;1,76
95177;Cormeilles-en-Vexin;222;24;248;27;156;17;288;32;1,57
77127;Coubert;471;31;341;22;317;21;398;26;1,42
93015;Coubron;823;24;842;25;671;20;1074;31;1,58
77128;Couilly-Pont-aux-Dames;422;27;333;22;345;22;442;29;1,53
77129;Coulombs-en-Valois;118;28;142;33;77;18;87;21;1,32
77130;Coulommes;70;24;79;27;58;20;81;28;1,51
77131;Coulommiers;4187;38;3036;28;1818;17;1926;18;1,16
77132;Coupvray;394;19;483;24;384;19;765;38;1,76
91180;Courances;48;18;64;24;47;17;112;41;1,81
92026;Courbevoie;8686;15;5982;10;8374;14;34789;60;2,18
77133;Courcelles-en-Bass√©e;36;21;57;33;26;15;56;32;1,59
95181;Courcelles-sur-Viosne;32;16;49;25;32;16;86;43;1,86
77134;Courchamp;27;25;27;25;26;24;30;27;1,54
95183;Courdimanche;756;17;787;18;838;19;2044;46;1,94
91184;Courdimanche-sur-Essonne;48;25;47;24;44;23;55;28;1,54
78185;Courgent;64;21;72;24;50;17;114;38;1,72
77135;Courpalay;235;24;299;30;194;20;256;26;1,48
77136;Courquetaine;19;14;40;29;28;20;53;38;1,83
91186;Courson-Monteloup;63;15;92;22;67;16;203;48;1,98
77137;Courtacon;51;30;49;29;33;19;38;22;1,33
77138;Courtomer;89;23;97;25;78;20;117;31;1,58
77139;Courtry;1057;23;1202;27;905;20;1346;30;1,57
77140;Couten√ßon;40;19;77;37;43;20;50;24;1,49
77141;Coutevroult;161;22;160;22;149;21;249;35;1,69
77142;Cr√©cy-la-Chapelle;724;22;761;24;658;20;1075;33;1,63
77143;Cr√©gy-l√®s-Meaux;680;22;844;27;646;21;936;30;1,59
94028;Cr√©teil;17004;28;10306;17;11432;19;21588;36;1,63
77144;Cr√®vec≈ìur-en-Brie;67;25;66;24;60;22;80;29;1,55
78188;Cravent;58;19;86;28;68;23;90;30;1,64
78189;Crespi√®res;172;15;159;14;175;16;612;55;2,11
77145;Crisenoy;95;21;116;26;88;20;149;33;1,65
77146;Croissy-Beaubourg;300;20;295;20;326;22;557;38;1,78
78190;Croissy-sur-Seine;831;12;569;8;878;13;4589;67;2,35
91191;Crosne;1353;21;1487;24;1286;20;2182;35;1,69
77148;Crouy-sur-Ourcq;467;35;397;29;240;18;245;18;1,19
77150;Cuisy;78;25;105;34;66;21;60;19;1,33
91198;D'Huison-Longueville;291;26;284;25;221;20;318;29;1,52
77151;Dagny;63;28;70;31;41;18;55;24;1,39
77152;Dammarie-les-Lys;4970;33;3290;22;2586;17;4323;28;1,4
77153;Dammartin-en-Go√´le;1479;22;1587;24;1488;22;2077;31;1,61
78192;Dammartin-en-Serve;143;18;230;29;144;18;278;35;1,7
77154;Dammartin-sur-Tigeaux;158;22;170;23;143;20;261;36;1,71
78193;Dampierre-en-Yvelines;129;17;105;14;122;16;408;53;2,05
77155;Dampmart;594;25;592;25;453;19;758;32;1,59
78194;Dannemarie;35;20;37;22;33;19;67;39;1,77
91195;Dannemois;145;23;159;25;113;18;212;34;1,63
77156;Darvault;170;26;210;33;124;19;138;21;1,34
78196;Davron;34;15;23;10;43;20;120;55;2,15
95197;Deuil-la-Barre;3634;23;2911;19;2767;18;6302;40;1,75
77157;Dhuisy;69;32;55;26;47;22;43;20;1,3
77158;Diant;29;19;53;35;27;18;42;28;1,55
95199;Domont;2835;26;2543;23;2054;19;3470;32;1,57
77159;Donnemarie-Dontilly;672;32;634;30;376;18;445;21;1,29
77161;Dormelles;122;19;144;23;117;19;247;39;1,78
77162;Doue;205;28;195;27;140;19;180;25;1,4
91200;Dourdan;2278;30;1705;22;1256;17;2368;31;1,49
77163;Douy-la-Ram√©e;46;22;62;29;50;24;54;25;1,52
93029;Drancy;21435;45;9926;21;7915;16;8868;18;1,07
91201;Draveil;5512;27;4413;22;3510;17;6917;34;1,58
78202;Drocourt;86;22;128;33;89;23;85;22;1,45
93030;Dugny;2609;38;1679;24;1337;19;1272;18;1,16
95203;Eaubonne;3926;22;3414;19;3090;17;7255;41;1,76
78206;Ecquevilly;816;27;657;22;586;19;992;33;1,59
95210;Enghien-les-Bains;1499;18;995;12;1468;18;4329;52;2,04
95211;Ennery;445;25;429;24;317;18;595;33;1,59
95219;Ermont;5358;26;4014;19;3474;17;7748;38;1,67
77171;Esbly;1008;23;1057;24;838;19;1541;35;1,67
77172;Esmans;219;32;217;32;118;17;133;19;1,23
77174;Everly;134;31;141;33;84;20;71;17;1,24
77179;F√©ricy;65;16;85;21;79;19;179;44;1,91
77180;F√©rolles-Attilly;154;17;176;20;184;21;367;42;1,88
77178;Fa√ø-l√®s-Nemours;102;28;120;33;52;14;91;25;1,36
77176;Faremoutiers;504;27;514;27;394;21;488;26;1,47
77177;Favi√®res;172;21;226;28;135;17;281;35;1,67
78231;Favrieux;27;25;33;30;28;25;22;20;1,4
77181;Ferri√®res-en-Brie;361;16;446;20;477;21;991;44;1,94
78233;Feucherolles;229;12;214;11;279;14;1260;64;2,31
78234;Flacourt;21;18;37;32;27;23;31;27;1,59
77184;Flagy;108;24;121;27;88;19;137;30;1,55
77185;Fleury-en-Bi√®re;101;21;110;23;103;21;170;35;1,7
91235;Fleury-M√©rogis;3551;40;1914;22;1679;19;1742;20;1,2
78236;Flexanville;77;18;80;19;68;16;199;47;1,92
78237;Flins-Neuve-√âglise;24;22;24;22;23;21;38;35;1,69
78238;Flins-sur-Seine;437;25;526;30;283;16;489;28;1,46
78239;Follainville-Dennemont;347;23;426;29;291;20;415;28;1,53
77187;Fontaine-Fourches;156;36;140;32;76;18;62;14;1,1
91240;Fontaine-la-Rivi√®re;27;16;42;24;46;27;58;34;1,8
77188;Fontaine-le-Port;113;15;170;23;120;16;341;46;1,93
77186;Fontainebleau;1966;18;1567;14;2109;19;5357;49;1,99
77190;Fontains;37;20;63;35;32;18;49;27;1,52
77191;Fontenailles;153;20;241;32;158;21;199;26;1,52
92032;Fontenay-aux-Roses;3271;20;2394;15;2647;16;8177;50;1,97
95241;Fontenay-en-Parisis;391;28;352;25;244;18;405;29;1,48
91243;Fontenay-l√®s-Briis;283;19;356;24;230;16;595;41;1,79
78242;Fontenay-le-Fleury;2107;22;1603;17;1658;17;4220;44;1,83
91244;Fontenay-le-Vicomte;167;20;209;25;166;20;307;36;1,73
78245;Fontenay-Mauvoisin;45;16;69;25;49;18;111;41;1,84
78246;Fontenay-Saint-P√®re;168;23;164;23;134;19;249;35;1,66
94033;Fontenay-sous-Bois;9668;26;5931;16;5856;16;15838;42;1,74
77192;Fontenay-Tr√©signy;1153;29;1133;29;775;20;858;22;1,35
77193;Forfry;22;15;42;29;35;24;47;32;1,73
77194;Forges;79;26;97;32;53;18;70;23;1,37
91249;Forges-les-Bains;538;20;502;19;456;17;1173;44;1,85
95250;Fosses;1818;28;1681;26;1348;21;1653;25;1,43
77195;Fouju;97;23;122;29;73;17;130;31;1,56
95254;Fr√©m√©court;64;16;120;30;89;23;121;31;1,69
95253;Fr√©mainville;73;20;74;21;68;19;144;40;1,79
95256;Fr√©pillon;447;20;567;26;413;19;778;35;1,69
77197;Fr√©toy;23;21;29;26;30;27;29;26;1,58
95252;Franconville;6526;26;6185;24;4893;19;7985;31;1,55
78255;Freneuse;1153;38;885;29;484;16;527;17;1,12
94034;Fresnes;5049;26;4048;21;3525;18;7114;36;1,65
77196;Fresnes-sur-Marne;122;20;159;26;127;21;210;34;1,7
77198;Fromont;38;24;37;23;29;18;57;35;1,64
95258;Frouville;57;21;48;18;54;20;110;41;1,81
77199;Fublaines;240;27;235;26;184;21;237;26;1,46
95271;G√©nicourt;93;23;111;28;74;19;119;30;1,56
93032;Gagny;8276;31;5580;21;5052;19;8047;30;1,49
78261;Gaillon-sur-Montcient;116;23;109;22;93;19;176;36;1,68
78262;Galluis;134;17;163;20;146;18;365;45;1,91
78263;Gambais;245;14;398;23;344;20;777;44;1,95
78264;Gambaiseuil;10;21;3;6;14;29;21;44;1,96
78265;Garanci√®res;363;21;416;24;304;18;645;37;1,71
92033;Garches;2062;17;1426;12;1748;14;7119;58;2,14
77200;Garentreville;18;22;24;30;19;23;20;25;1,51
78267;Gargenville;1464;28;1628;31;911;18;1186;23;1,36
95268;Garges-l√®s-Gonesse;12832;48;5160;19;4328;16;4652;17;1,02
77201;Gastins;123;25;135;28;112;23;120;24;1,46
78269;Gazeran;234;24;194;20;136;14;397;41;1,71
95270;Genainville;107;26;101;25;76;19;122;30;1,53
92036;Gennevilliers;12782;40;6115;19;5364;17;7327;23;1,22
94037;Gentilly;3537;28;2133;17;2146;17;4696;38;1,65
77203;Germigny-l'√âv√™que;204;21;267;27;187;19;321;33;1,64
77204;Germigny-sous-Coulombs;39;27;54;38;26;18;25;17;1,25
77205;Gesvres-le-Chapitre;22;21;27;26;20;19;36;34;1,66
91272;Gif-sur-Yvette;1774;13;1380;10;1867;14;8802;64;2,3
77206;Giremoutiers;25;23;21;19;21;19;44;40;1,77
77207;Gironville;29;25;39;33;27;23;22;19;1,36
91273;Gironville-sur-Essonne;123;23;157;30;97;18;149;28;1,5
91274;Gometz-la-Ville;152;15;180;18;148;15;538;53;2,07
91275;Gometz-le-Ch√¢tel;318;18;285;16;259;15;913;51;1,99
78276;Gommecourt;123;26;127;26;108;23;122;25;1,47
95277;Gonesse;6758;39;3695;21;3283;19;3731;21;1,22
77208;Gouaix;366;36;310;30;188;18;157;15;1,11
78278;Goupilli√®res;64;17;76;21;57;16;170;46;1,91
93033;Gournay-sur-Marne;824;17;961;20;932;19;2161;44;1,9
95280;Goussainville;9116;45;4479;22;3238;16;3212;16;1,02
78281;Goussonville;65;15;111;25;81;18;186;42;1,87
77209;Gouvernes;151;18;202;24;141;17;360;42;1,84
95282;Gouzangrez;16;13;28;23;27;22;51;42;1,93
78283;Grandchamp;35;16;47;21;54;24;86;39;1,86
77211;Grandpuits-Bailly-Carrois;245;33;249;33;136;18;117;16;1,17
77212;Gravon;40;32;40;32;21;17;25;20;1,26
78285;Gressey;94;24;92;23;77;19;136;34;1,63
77214;Gressy;80;13;135;21;137;22;282;44;1,97
77215;Gretz-Armainvilliers;2147;35;1454;24;1117;18;1424;23;1,29
77216;Grez-sur-Loing;302;30;269;26;189;19;259;25;1,39
91286;Grigny;7602;44;3487;20;2977;17;3041;18;1,08
95287;Grisy-les-Pl√¢tres;104;20;136;27;102;20;169;33;1,66
77217;Grisy-Suisnes;435;25;435;25;300;17;579;33;1,58
77218;Grisy-sur-Seine;19;23;24;29;21;26;18;22;1,47
95288;Groslay;1568;27;1259;21;986;17;2043;35;1,6
78289;Grosrouvre;104;16;99;15;110;17;333;52;2,05
77219;Gu√©rard;440;25;421;24;367;21;529;30;1,56
77220;Guercheville;46;23;68;34;39;19;49;24;1,44
77221;Guermantes;92;11;146;18;159;19;430;52;2,12
78290;Guernes;193;25;224;29;169;22;198;25;1,48
78291;Guerville;355;23;456;29;268;17;468;30;1,53
91292;Guibeville;71;15;131;28;83;17;191;40;1,82
77222;Guignes;684;26;761;29;563;21;640;24;1,43
91293;Guigneville-sur-Essonne;168;25;154;23;137;21;204;31;1,58
91294;Guillerval;117;20;180;31;120;21;168;29;1,6
95295;Guiry-en-Vexin;17;12;49;36;26;19;46;33;1,73
78296;Guitrancourt;108;24;113;25;94;21;132;30;1,57
77223;Gurcy-le-Ch√¢tel;91;23;129;32;100;25;79;20;1,42
78297;Guyancourt;3648;20;3252;17;3238;17;8556;46;1,89
95304;H√©douville;30;14;38;18;47;22;96;45;1,97
77226;H√©ricy;413;21;393;20;337;18;781;41;1,79
95308;H√©rouville;81;19;122;28;96;22;138;32;1,68
95298;Haravilliers;70;18;92;24;93;24;127;33;1,71
78299;Hardricourt;406;26;363;23;302;19;497;32;1,57
78300;Hargeville;38;13;70;24;67;23;118;40;1,9
95301;Haute-Isle;42;20;57;27;44;21;66;32;1,65
77224;Hautefeuille;110;54;29;14;21;10;43;21;0,97
78305;Herbeville;20;11;38;21;35;19;90;49;2,06
95306;Herblay;4852;25;4224;21;3389;17;7318;37;1,66
77227;Herm√©;131;28;130;28;88;19;112;24;1,38
78307;Hermeray;147;22;130;19;136;20;256;38;1,73
95309;Hodent;51;32;41;26;28;18;37;24;1,34
77228;Hondevilliers;34;18;79;41;35;18;43;23;1,46
78310;Houdan;857;31;561;20;496;18;838;30;1,46
78311;Houilles;4777;21;4053;18;3476;15;10142;45;1,83
77230;Ichy;39;30;38;29;23;18;31;24;1,37
91312;Igny;1357;20;1123;16;1032;15;3357;49;1,93
77232;Isles-l√®s-Villenoy;123;21;139;23;138;23;199;33;1,68
77231;Isles-les-Meldeuses;125;23;191;35;100;18;125;23;1,4
78314;Issou;757;27;807;29;552;20;676;24;1,41
92040;Issy-les-Moulineaux;7718;16;4973;10;6395;13;29875;61;2,19
91315;Itteville;977;21;1297;28;921;20;1504;32;1,64
77233;Iverny;92;23;137;35;85;22;81;21;1,42
94041;Ivry-sur-Seine;13684;33;6494;15;6418;15;15373;37;1,56
77234;Jablines;62;13;124;27;87;19;190;41;1,88
95316;Jagny-sous-Bois;42;23;49;26;35;19;60;32;1,6
77235;Jaignes;53;23;73;32;45;20;57;25;1,47
78317;Jambville;98;18;144;26;103;18;213;38;1,76
91318;Janville-sur-Juine;227;16;340;24;282;20;563;40;1,84
91319;Janvry;89;20;87;20;99;22;171;38;1,78
77236;Jaulnes;101;35;97;34;43;15;44;15;1,09
78320;Jeufosse;137;28;173;36;66;14;105;22;1,3
94042;Joinville-le-Pont;2840;21;2060;15;2399;18;6366;47;1,92
77237;Jossigny;142;31;107;24;67;15;139;31;1,47
77238;Jouarre;877;29;917;30;561;19;657;22;1,34
78321;Jouars-Pontchartrain;731;18;635;16;720;18;1907;48;1,96
78322;Jouy-en-Josas;577;12;524;11;703;15;2894;62;2,27
77239;Jouy-le-Ch√¢tel;287;26;323;30;246;23;236;22;1,42
95323;Jouy-le-Moutier;2635;25;2601;24;1978;19;3431;32;1,58
78324;Jouy-Mauvoisin;100;24;142;34;70;17;107;26;1,46
77240;Jouy-sur-Morin;592;39;461;30;218;14;243;16;1,06
77241;Juilly;390;29;402;30;246;18;305;23;1,35
78325;Jumeauville;87;20;102;24;74;17;169;39;1,75
77242;Jutigny;142;35;133;33;54;13;73;18;1,13
91326;Juvisy-sur-Orge;2824;24;1920;16;2103;18;4991;42;1,78
78327;Juziers;625;23;837;30;500;18;792;29;1,53
78224;L' √âtang-la-Ville;338;10;273;8;399;12;2216;69;2,39
93039;L' √éle-Saint-Denis;1928;37;980;19;850;16;1394;27;1,32
94038;L' Ha√ø-les-Roses;5820;27;3915;18;3548;16;8480;39;1,67
95313;L' Isle-Adam;1895;21;1868;20;1637;18;3765;41;1,79
77246;L√©chelle;136;34;115;29;60;15;92;23;1,28
77249;L√©signy;849;17;910;18;1158;23;2222;43;1,93
78334;L√©vis-Saint-Nom;204;17;229;19;169;14;593;50;1,97
78077;La Boissi√®re-√âcole;120;23;102;19;105;20;204;38;1,73
77054;La Brosse-Montceaux;177;31;174;31;83;15;131;23;1,3
78125;La Celle-les-Bordes;65;10;100;16;105;17;350;56;2,18
78126;La Celle-Saint-Cloud;2659;19;1974;14;2289;16;7447;52;2,02
77063;La Celle-sur-Morin;236;25;258;27;192;20;267;28;1,51
95139;La Chapelle-en-Vexin;44;19;85;36;45;19;63;27;1,55
77086;La Chapelle-Gauthier;258;26;304;31;191;19;242;24;1,41
77087;La Chapelle-Iger;19;16;29;24;31;26;40;34;1,78
77088;La Chapelle-la-Reine;488;27;561;31;322;18;417;23;1,36
77093;La Chapelle-Moutils;111;35;97;30;62;19;50;16;1,16
77089;La Chapelle-Rablais;141;20;207;30;165;24;178;26;1,56
77090;La Chapelle-Saint-Sulpice;46;28;43;26;41;25;34;21;1,39
93027;La Courneuve;14049;51;4447;16;4251;15;4807;17;0,97
77147;La Croix-en-Brie;157;31;134;26;117;23;104;20;1,32
78230;La Falaise;81;19;116;28;61;15;158;38;1,72
91232;La Fert√©-Alais;748;27;635;23;581;21;824;30;1,55
77182;La Fert√©-Gaucher;1596;46;1008;29;468;13;397;11;0,88
77183;La Fert√©-sous-Jouarre;2363;34;1779;26;1191;17;1602;23;1,29
91247;La For√™t-le-Roi;76;21;104;29;65;18;114;32;1,61
91248;La For√™t-Sainte-Croix;26;24;20;19;21;20;40;37;1,7
95257;La Frette-sur-Seine;579;17;646;19;610;18;1512;45;1,9
92035;La Garenne-Colombes;3595;17;2731;13;3066;15;11375;55;2,08
77202;La Genevraye;127;22;145;25;124;22;174;31;1,62
77210;La Grande-Paroisse;658;33;582;29;341;17;423;21;1,26
77225;La Haute-Maison;65;30;68;31;43;20;43;20;1,31
78302;La Hauteville;19;15;22;17;34;26;56;43;1,98
77229;La Houssaye-en-Brie;233;20;340;29;239;21;349;30;1,61
77267;La Madeleine-sur-Loing;68;26;81;31;40;15;71;27;1,42
91457;La Norville;582;20;688;24;514;18;1107;38;1,74
94060;La Queue-en-Brie;1968;25;1912;24;1555;20;2454;31;1,57
78513;La Queue-les-Yvelines;420;26;315;20;248;15;624;39;1,67
95523;La Roche-Guyon;93;27;85;25;59;17;109;32;1,55
77389;La Rochette;488;21;405;17;395;17;1048;45;1,86
77467;La Tombe;52;30;57;33;32;18;34;19;1,26
77472;La Tr√©toire;90;27;91;28;63;19;84;26;1,44
78644;La Verri√®re;1574;39;886;22;664;16;962;24;1,26
91665;La Ville-du-Bois;1329;26;1242;24;878;17;1695;33;1,57
78668;La Villeneuve-en-Chevrie;102;22;118;26;87;19;152;33;1,63
95328;Labbeville;86;20;73;17;85;19;194;44;1,87
77243;Lagny-sur-Marne;4153;28;2930;19;2803;19;5181;34;1,59
78329;Lainville-en-Vexin;81;14;150;27;119;21;216;38;1,83
77244;Larchant;113;21;146;28;91;17;177;34;1,64
91330;Lardy;861;22;970;25;698;18;1360;35;1,66
95331;Lassy;24;20;24;20;29;24;44;36;1,76
77245;Laval-en-Brie;80;25;102;31;69;21;75;23;1,42
95054;Le Bellay-en-Vexin;39;23;35;20;36;21;62;36;1,7
93007;Le Blanc-Mesnil;16697;45;7587;21;6215;17;6373;17;1,06
93013;Le Bourget;4661;42;1967;18;1961;17;2629;23;1,21
77100;Le Ch√¢telet-en-Brie;930;28;953;29;594;18;805;25;1,4
78158;Le Chesnay;3363;15;2635;11;3517;15;13414;59;2,18
91179;Le Coudray-Montceaux;712;21;729;22;713;21;1166;35;1,69
95303;Le Heaulme;26;16;38;23;46;28;52;32;1,75
94043;Le Kremlin-Bic√™tre;4253;25;2419;14;2873;17;7745;45;1,83
77285;Le M√©e-sur-Seine;4668;34;3286;24;2763;20;2832;21;1,27
77291;Le Mesnil-Amelot;249;36;159;23;162;23;120;17;1,2
95395;Le Mesnil-Aubry;170;27;155;24;139;22;173;27;1,49
78396;Le Mesnil-le-Roi;757;17;758;17;606;14;2250;51;1,98
78397;Le Mesnil-Saint-Denis;660;14;738;15;791;16;2618;54;2,09
78481;Le Pecq;1948;17;1550;14;1588;14;6288;55;2,07
95483;Le Perchay;78;21;88;24;69;19;137;37;1,73
78486;Le Perray-en-Yvelines;983;20;1209;24;878;18;1941;39;1,77
94058;Le Perreux-sur-Marne;4891;20;3437;14;3993;16;12175;50;1,96
77363;Le Pin;289;29;259;26;211;21;254;25;1,43
77364;Le Plessis-aux-Bois;60;31;56;29;34;18;44;23;1,34
95491;Le Plessis-Bouchard;1169;20;1310;22;1122;19;2246;38;1,74
77365;Le Plessis-Feu-Aussoux;76;19;132;33;99;25;94;23;1,52
95492;Le Plessis-Gassot;13;23;21;38;9;16;13;23;1,39
77366;Le Plessis-l'√âv√™que;57;27;70;33;39;18;45;21;1,32
95493;Le Plessis-Luzarches;35;32;10;9;28;25;37;34;1,61
91494;Le Plessis-P√¢t√©;606;22;599;21;583;21;1027;36;1,71
77367;Le Plessis-Placy;48;26;59;32;36;19;44;24;1,42
92060;Le Plessis-Robinson;3737;18;3253;16;3435;17;10079;49;1,97
94059;Le Plessis-Tr√©vise;3352;24;2973;21;2802;20;5131;36;1,69
78502;Le Port-Marly;646;17;675;18;659;18;1771;47;1,95
93061;Le Pr√©-Saint-Gervais;4126;32;2021;16;2124;17;4459;35;1,55
93062;Le Raincy;2032;20;1611;16;2108;20;4622;45;1,91
78606;Le Tartre-Gaudran;7;24;9;31;6;21;7;24;1,45
78608;Le Tertre-Saint-Denis;15;16;30;33;18;20;28;31;1,66
95612;Le Thillay;886;30;872;29;580;19;650;22;1,33
78623;Le Tremblay-sur-Mauldre;112;18;121;20;131;21;255;41;1,85
78650;Le V√©sinet;1148;10;821;7;1357;12;7854;70;2,41
91630;Le Val-Saint-Germain;200;19;215;20;174;16;480;45;1,87
77485;Le Vaudou√©;104;18;128;22;109;19;233;41;1,83
77165;Les √âcrennes;102;23;143;32;109;24;96;21;1,43
78010;Les Alluets-le-Roi;150;17;171;19;130;15;432;49;1,96
78108;Les Br√©viaires;225;24;192;21;179;19;331;36;1,67
77091;Les Chapelles-Bourbon;62;21;86;29;60;20;88;30;1,59
78165;Les Clayes-sous-Bois;3328;27;2809;23;2109;17;4186;34;1,59
78220;Les Essarts-le-Roi;1048;22;1002;21;914;19;1807;38;1,73
91284;Les Granges-le-Roi;213;26;229;28;127;16;243;30;1,5
93045;Les Lilas;4189;25;2492;15;2623;16;7128;43;1,76
78343;Les Loges-en-Josas;124;12;125;12;128;12;656;64;2,28
77275;Les Mar√™ts;47;41;36;32;15;13;16;14;1
78398;Les Mesnuls;116;18;98;15;121;18;327;49;1,98
91411;Les Moli√®res;251;18;227;16;200;14;733;52;2
78440;Les Mureaux;9535;44;4260;20;3424;16;4215;20;1,12
77347;Les Ormes-sur-Voulzie;257;38;184;27;119;18;112;17;1,14
93057;Les Pavillons-sous-Bois;4980;31;3318;20;3126;19;4881;30;1,48
91692;Les Ulis;5171;32;3248;20;2773;17;5131;31;1,47
77247;Lescherolles;114;32;97;27;86;24;60;17;1,26
77248;Lesches;113;21;115;22;112;21;187;35;1,69
91332;Leudeville;195;19;237;23;215;21;389;38;1,79
77250;Leudon-en-Brie;33;28;35;30;29;25;19;16;1,28
91333;Leuville-sur-Orge;711;23;689;23;564;19;1078;35;1,66
92044;Levallois-Perret;8042;18;4578;10;5912;13;27012;59;2,13
77251;Lieusaint;1841;22;1756;21;1897;23;2846;34;1,69
78335;Limay;3915;35;2751;25;2058;19;2314;21;1,26
94044;Limeil-Br√©vannes;5056;28;3879;22;3349;19;5743;32;1,56
78337;Limetz-Villez;356;25;430;30;262;19;362;26;1,46
77252;Limoges-Fourches;73;23;85;27;61;19;94;30;1,55
91338;Limours;1139;23;904;19;849;17;1986;41;1,76
91339;Linas;1361;28;1132;23;907;19;1422;29;1,48
91340;Lisses;1157;23;1245;24;1102;21;1636;32;1,62
77253;Lissy;38;27;40;28;26;18;37;26;1,42
77254;Liverdy-en-Brie;222;24;266;29;208;23;226;25;1,5
95341;Livilliers;72;24;81;27;36;12;108;36;1,59
93046;Livry-Gargan;9685;31;7047;23;5864;19;8579;28;1,45
77255;Livry-sur-Seine;365;24;471;30;240;15;475;31;1,53
77256;Lizines;38;29;30;23;28;22;33;26;1,45
77257;Lizy-sur-Ourcq;986;39;767;31;411;16;345;14;1,05
77258;Lognes;2636;28;1625;17;1793;19;3445;36;1,63
78344;Lommoye;105;23;123;27;96;21;139;30;1,59
91345;Longjumeau;4134;28;3247;22;2711;18;4924;33;1,57
78346;Longnes;257;25;317;31;167;16;298;29;1,5
77259;Longperrier;474;28;438;25;354;21;452;26;1,45
91347;Longpont-sur-Orge;1020;22;1012;22;776;17;1785;39;1,73
95348;Longuesse;56;14;127;32;74;19;139;35;1,75
77260;Longueville;602;47;323;25;172;13;183;14;0,93
78349;Longvilliers;64;17;56;15;69;18;185;49;1,98
77261;Lorrez-le-Bocage-Pr√©aux;221;23;280;30;204;22;243;26;1,52
77262;Louan-Villegruis-Fontaine;110;31;99;28;63;18;86;24;1,36
78350;Louveciennes;683;14;427;9;746;15;3165;63;2,28
95351;Louvres;2008;29;1706;25;1371;20;1837;27;1,46
77263;Luisetaines;44;28;46;29;43;27;27;17;1,34
77264;Lumigny-Nesles-Ormeaux;225;21;304;28;227;21;326;30;1,6
77265;Luzancy;261;33;235;30;131;17;154;20;1,24
95352;Luzarches;737;22;801;24;603;18;1146;35;1,65
78384;M√©dan;166;17;158;16;139;14;530;53;2,03
78385;M√©nerville;33;22;43;29;31;21;41;28;1,55
78389;M√©r√©;207;17;185;15;198;16;636;52;2,03
91390;M√©r√©ville;701;28;699;28;442;18;671;27;1,45
78391;M√©ricourt;72;24;97;32;62;20;74;24;1,44
95392;M√©riel;810;22;908;25;680;19;1205;33;1,62
91393;M√©robert;92;22;137;33;91;22;95;23;1,46
77290;M√©ry-sur-Marne;115;24;151;31;90;19;125;26;1,47
95394;M√©ry-sur-Oise;1509;23;1657;25;1223;19;2181;33;1,62
78402;M√©zi√®res-sur-Seine;525;20;689;27;444;17;906;35;1,66
78403;M√©zy-sur-Seine;294;19;396;26;326;21;513;34;1,7
77266;Machault;125;22;174;31;109;19;151;27;1,5
95353;Maffliers;246;20;272;22;280;23;426;35;1,73
78354;Magnanville;1487;36;1105;26;678;16;906;22;1,24
95355;Magny-en-Vexin;1386;35;1106;28;691;17;818;20;1,22
77268;Magny-le-Hongre;798;15;685;13;1338;25;2551;47;2,04
78356;Magny-les-Hameaux;1191;19;1345;22;953;15;2689;44;1,84
77269;Maincy;298;23;331;26;216;17;425;33;1,59
77272;Maison-Rouge;181;30;189;31;118;20;115;19;1,28
77270;Maisoncelles-en-Brie;156;24;173;26;136;21;195;30;1,58
77271;Maisoncelles-en-G√¢tinais;34;35;28;29;19;19;17;17;1,18
94046;Maisons-Alfort;9081;23;6324;16;7045;18;17418;44;1,84
78358;Maisons-Laffitte;2612;16;1824;11;2289;14;9902;60;2,19
91359;Maisse;663;33;556;28;377;19;413;21;1,29
92046;Malakoff;5346;25;3314;16;3352;16;9308;44;1,8
94047;Mandres-les-Roses;870;26;761;23;604;18;1124;33;1,58
78361;Mantes-la-Jolie;12985;43;5609;19;4668;16;6656;22;1,17
78362;Mantes-la-Ville;4631;34;3419;25;2245;17;3130;23;1,28
77273;March√©moret;64;18;121;33;79;22;99;27;1,58
77274;Marcilly;94;28;94;28;67;20;84;25;1,43
91363;Marcoussis;1308;23;1239;22;937;16;2253;39;1,71
78364;Marcq;97;18;110;20;99;18;236;44;1,88
95365;Mareil-en-France;122;26;114;24;98;21;144;30;1,56
78366;Mareil-le-Guyon;38;14;47;17;54;20;133;49;2,04
78367;Mareil-Marly;246;10;179;8;320;14;1619;68;2,4
78368;Mareil-sur-Mauldre;186;15;186;15;211;17;634;52;2,05
77276;Mareuil-l√®s-Meaux;543;27;489;25;325;16;627;32;1,53
95369;Margency;316;15;370;18;348;17;1008;49;1,99
95370;Marines;599;24;613;25;504;20;755;31;1,58
77277;Marles-en-Brie;254;23;295;27;247;22;310;28;1,55
95371;Marly-la-Ville;898;22;1071;27;833;21;1196;30;1,59
78372;Marly-le-Roi;1845;16;1610;14;1844;16;6356;55;2,11
92047;Marnes-la-Coquette;149;13;84;7;189;16;767;65;2,34
91374;Marolles-en-Beauce;45;28;48;29;31;19;39;24;1,39
77278;Marolles-en-Brie;56;20;90;32;59;21;76;27;1,55
94048;Marolles-en-Brie;480;14;637;19;669;20;1599;47;2
91376;Marolles-en-Hurepoix;743;20;939;25;728;19;1372;36;1,71
77279;Marolles-sur-Seine;298;25;402;34;238;20;244;21;1,37
77280;Mary-sur-Marne;231;27;278;33;153;18;179;21;1,32
91377;Massy;7704;23;5186;15;5155;15;16080;47;1,86
91378;Mauchamps;30;15;51;26;45;23;74;37;1,83
95379;Maud√©tour-en-Vexin;18;13;38;27;33;23;53;37;1,84
78380;Maule;949;23;876;21;644;16;1669;40;1,73
78381;Maulette;159;24;175;27;120;18;198;30;1,53
77281;Mauperthuis;64;18;103;30;74;21;108;31;1,65
78382;Maurecourt;602;20;663;22;501;16;1274;42;1,8
77282;Mauregard;82;38;57;26;37;17;40;19;1,17
78383;Maurepas;2751;20;2843;21;2522;19;5337;40;1,79
77283;May-en-Multien;168;28;203;33;96;16;142;23;1,34
77284;Meaux;12433;34;8283;23;6647;18;9270;25;1,34
77286;Meigneux;31;19;54;33;27;16;53;32;1,61
77287;Meilleray;91;25;136;37;77;21;60;16;1,27
77288;Melun;8943;33;5534;20;4702;17;8103;30;1,44
77289;Melz-sur-Seine;72;27;78;30;55;21;59;22;1,38
91386;Mennecy;1706;17;1970;20;1943;20;4236;43;1,89
95387;Menouville;10;20;11;22;9;18;19;39;1,75
95388;Menucourt;915;24;1035;27;725;19;1177;31;1,58
91399;Mespuits;24;17;50;35;27;19;42;29;1,6
77292;Messy;160;20;163;21;197;25;267;34;1,73
92048;Meudon;6194;19;4590;14;4583;14;16642;52;1,98
78401;Meulan-en-Yvelines;1729;27;1658;26;1157;18;1784;28;1,46
78404;Millemont;31;18;30;17;35;20;80;45;1,92
91405;Milly-la-For√™t;980;27;847;24;618;17;1152;32;1,54
78406;Milon-la-Chapelle;57;24;23;10;19;8;134;58;2
77293;Misy-sur-Yonne;178;26;221;33;124;18;152;23;1,38
77294;Mitry-Mory;4350;33;3620;27;2384;18;2918;22;1,29
78407;Mittainville;74;17;94;22;77;18;187;43;1,87
91408;Moigny-sur-√âcole;221;23;236;25;179;19;306;32;1,59
77295;Moisenay;183;19;260;27;214;22;315;32;1,67
95409;Moisselles;196;19;231;23;201;20;384;38;1,77
78410;Moisson;158;23;190;27;128;18;216;31;1,56
77296;Moissy-Cramayel;3054;27;2741;24;2300;20;3310;29;1,51
91412;Mondeville;119;22;155;29;93;18;162;31;1,58
77297;Mondreville;74;28;80;30;58;22;51;19;1,31
78413;Mondreville;64;23;88;31;45;16;85;30;1,53
91414;Monnerville;77;27;105;37;46;16;54;19;1,26
77298;Mons-en-Montois;100;29;128;37;51;15;66;19;1,24
77307;Mont√©vrain;1014;13;1273;17;1764;23;3548;47;2,04
78415;Montainville;59;15;63;16;79;20;185;48;2
78416;Montalet-le-Bois;44;19;53;23;37;16;101;43;1,84
77300;Montceaux-l√®s-Meaux;101;22;118;26;103;23;132;29;1,59
77301;Montceaux-l√®s-Provins;86;33;87;34;47;18;39;15;1,15
78417;Montchauvet;28;14;43;21;38;18;97;47;1,98
77302;Montcourt-Fromonville;352;23;440;29;285;19;421;28;1,51
77303;Montdauphin;65;36;67;37;18;10;29;16;1,05
77304;Montenils;6;27;8;36;5;23;3;14;1,24
77305;Montereau-Fault-Yonne;6171;48;2884;22;1994;15;1870;14;0,94
77306;Montereau-sur-le-Jard;83;22;123;32;64;17;114;30;1,56
78418;Montesson;1920;18;1698;16;1690;16;5150;49;1,95
93047;Montfermeil;6436;37;4175;24;2919;17;3800;22;1,24
78420;Montfort-l'Amaury;737;33;297;13;383;17;834;37;1,58
77308;Montg√©-en-Go√´le;99;19;133;25;115;22;175;34;1,71
91421;Montgeron;4667;28;3167;19;2840;17;6231;37;1,64
95422;Montgeroult;49;16;72;24;53;17;129;43;1,87
77309;Monthyon;316;27;404;34;227;19;245;21;1,35
95424;Montigny-l√®s-Cormeilles;4207;31;3295;24;2658;19;3611;26;1,4
78423;Montigny-le-Bretonneux;3202;14;3457;15;3686;16;12536;55;2,12
77310;Montigny-le-Guesdier;89;39;60;26;39;17;42;18;1,14
77311;Montigny-Lencoup;235;25;282;30;208;22;222;23;1,43
77312;Montigny-sur-Loing;484;24;442;21;371;18;760;37;1,68
91425;Montlh√©ry;1153;21;1251;23;1052;19;1993;37;1,72
95426;Montlignon;343;16;291;14;378;18;1087;52;2,06
77313;Montmachoux;42;23;54;30;30;17;53;30;1,54
95427;Montmagny;2767;31;1938;22;1668;19;2532;28;1,44
95428;Montmorency;3462;23;2276;15;2857;19;6727;44;1,85
77314;Montolivet;39;24;55;34;29;18;39;24;1,42
93048;Montreuil;23492;31;10855;14;11461;15;30002;40;1,64
95429;Montreuil-sur-Epte;66;22;83;28;65;22;87;29;1,59
92049;Montrouge;6155;17;4298;12;4780;14;20090;57;2,11
77315;Montry;554;22;648;26;505;20;812;32;1,62
95430;Montsoult;687;27;577;23;510;20;758;30;1,53
78431;Morainvilliers;284;15;275;15;260;14;1076;57;2,14
91432;Morangis;2649;28;2267;24;1594;17;2920;31;1,51
77316;Moret Loing et Orvanne;2358;26;2148;23;1599;17;3110;34;1,59
91433;Morigny-Champigny;820;26;866;27;558;17;951;30;1,51
77317;Mormant;1191;35;995;29;593;18;596;18;1,19
91434;Morsang-sur-Orge;4100;28;3441;23;2635;18;4602;31;1,52
91435;Morsang-sur-Seine;84;21;97;24;77;19;148;36;1,7
77318;Mortcerf;325;30;265;25;213;20;263;25;1,4
77319;Mortery;29;27;32;30;22;21;24;22;1,38
77320;Mouroux;1055;28;1124;30;709;19;834;22;1,34
95436;Mours;222;20;295;27;210;19;364;33;1,64
77321;Mousseaux-l√®s-Bray;197;36;174;32;95;17;80;15;1,11
78437;Mousseaux-sur-Seine;105;21;137;28;103;21;144;29;1,57
95438;Moussy;16;21;23;29;15;19;24;31;1,6
77322;Moussy-le-Neuf;483;23;551;26;499;24;571;27;1,55
77323;Moussy-le-Vieux;181;19;281;30;199;21;272;29;1,59
77325;Mouy-sur-Seine;107;37;92;32;63;22;27;9;1,03
78439;Mulcent;13;16;27;33;13;16;29;35;1,7
78451;N√©zel;168;22;200;27;146;19;237;32;1,61
91441;Nainville-les-Roches;87;24;101;28;74;21;98;27;1,51
77326;Nandy;809;21;1020;26;831;21;1206;31;1,61
77327;Nangis;2096;36;1652;28;1045;18;1084;18;1,18
77328;Nanteau-sur-Essonne;115;33;80;23;51;15;98;28;1,37
77329;Nanteau-sur-Lunain;129;30;104;24;88;20;110;26;1,42
92050;Nanterre;20069;32;11287;18;9714;15;22189;35;1,53
77330;Nanteuil-l√®s-Meaux;1016;24;1145;27;835;20;1250;29;1,54
77331;Nanteuil-sur-Marne;98;31;86;27;53;17;79;25;1,36
77332;Nantouillet;53;28;60;32;37;19;40;21;1,33
78442;Neauphle-le-Ch√¢teau;331;14;402;17;387;17;1222;52;2,07
78443;Neauphle-le-Vieux;74;12;101;16;101;16;365;57;2,19
78444;Neauphlette;118;20;181;31;107;18;187;32;1,63
77333;Nemours;3861;41;2242;24;1607;17;1612;17;1,09
95445;Nerville-la-For√™t;145;28;87;17;93;18;187;37;1,64
95446;Nesles-la-Vall√©e;238;18;290;21;238;18;593;44;1,89
77336;Neufmoutiers-en-Brie;105;16;181;27;158;24;228;34;1,77
95447;Neuilly-en-Vexin;29;21;27;19;36;26;47;34;1,73
93049;Neuilly-Plaisance;3664;25;2736;19;2539;17;5780;39;1,7
93050;Neuilly-sur-Marne;7370;31;4909;21;4461;19;7108;30;1,49
92051;Neuilly-sur-Seine;5940;14;2290;5;5975;14;29199;67;2,34
95450;Neuville-sur-Oise;312;23;251;19;213;16;579;43;1,8
94052;Nogent-sur-Marne;3642;16;2497;11;3658;16;13418;58;2,17
95452;Nointel;140;24;151;26;121;20;179;30;1,56
94053;Noiseau;709;21;749;22;685;20;1219;36;1,7
77337;Noisiel;3345;32;2014;19;1846;18;3211;31;1,48
93051;Noisy-le-Grand;12696;28;7886;17;8306;18;16456;36;1,61
78455;Noisy-le-Roi;751;14;493;9;783;15;3260;62;2,25
93053;Noisy-le-Sec;10859;37;5402;19;5162;18;7583;26;1,33
77338;Noisy-Rudignon;125;30;112;27;92;22;92;22;1,37
77339;Noisy-sur-√âcole;236;17;256;19;302;22;586;42;1,89
95456;Noisy-sur-Oise;95;20;118;24;96;20;174;36;1,72
77340;Nonville;97;21;161;34;86;18;123;26;1,48
77341;Noyen-sur-Seine;88;32;88;32;44;16;55;20;1,24
91458;Nozay;646;20;605;19;577;18;1364;43;1,84
95459;Nucourt;125;25;142;28;86;17;150;30;1,52
77342;Obsonville;20;24;25;30;21;25;17;20;1,4
77343;Ocquerre;101;36;74;26;47;17;62;22;1,26
78460;Oinville-sur-Montcient;144;18;232;29;146;18;287;35;1,7
77344;Oissery;354;25;413;29;335;24;319;22;1,43
91461;Ollainville;834;25;775;23;616;19;1097;33;1,6
95462;Omerville;54;23;65;28;40;17;72;31;1,55
91463;Oncy-sur-√âcole;170;23;218;29;159;21;204;27;1,52
78464;Orcemont;105;15;138;20;140;20;304;44;1,92
78465;Orgerus;323;19;447;26;322;19;637;37;1,75
78466;Orgeval;650;16;599;15;590;14;2244;55;2,08
94054;Orly;5737;37;3108;20;2781;18;3738;24;1,28
77345;Orly-sur-Morin;137;28;134;28;96;20;118;24;1,4
77348;Ormesson;45;24;53;28;38;20;53;28;1,52
94055;Ormesson-sur-Marne;2443;33;1451;19;1193;16;2411;32;1,47
91468;Ormoy;266;20;317;24;267;20;465;35;1,69
91469;Ormoy-la-Rivi√®re;163;24;158;23;147;22;209;31;1,6
78470;Orphin;108;16;155;23;121;18;276;42;1,85
91471;Orsay;1637;15;1220;11;1360;13;6555;61;2,2
78472;Orsonville;50;23;61;27;40;18;71;32;1,59
91473;Orveau;26;18;29;20;39;27;50;35;1,79
78474;Orvilliers;77;14;124;23;104;19;235;44;1,93
78475;Osmoy;57;22;59;22;49;19;98;37;1,71
95476;Osny;3366;28;2885;24;2128;18;3707;31;1,53
77349;Othis;1096;24;1305;28;1012;22;1174;26;1,5
77350;Ozoir-la-Ferri√®re;3862;27;3185;22;2634;18;4596;32;1,54
77352;Ozouer-le-Voulgis;328;25;333;26;252;20;378;29;1,53
77357;P√©cy;193;31;179;29;126;20;125;20;1,29
94056;P√©rigny;312;17;407;22;376;21;722;40;1,84
77360;P√©zarches;56;21;74;28;53;20;85;32;1,64
91477;Palaiseau;4242;19;3316;15;3239;14;11674;52;1,99
77353;Paley;79;24;107;32;62;19;85;26;1,48
77354;Pamfou;143;22;218;33;124;19;173;26;1,49
93055;Pantin;13561;35;5491;14;6049;16;13605;35;1,51
78478;Paray-Douaville;34;21;38;24;44;27;45;28;1,62
91479;Paray-Vieille-Poste;1838;33;1379;25;980;18;1363;25;1,36
75110;Paris 10e  Arrondissement;285303;18;132970;8;208607;13;960227;61;2,17
75111;Paris 11e  Arrondissement;285303;18;132970;8;208607;13;960227;61;2,17
75112;Paris 12e  Arrondissement;285303;18;132970;8;208607;13;960227;61;2,17
75113;Paris 13e  Arrondissement;285303;18;132970;8;208607;13;960227;61;2,17
75114;Paris 14e  Arrondissement;285303;18;132970;8;208607;13;960227;61;2,17
75115;Paris 15e  Arrondissement;285303;18;132970;8;208607;13;960227;61;2,17
75116;Paris 16e  Arrondissement;285303;18;132970;8;208607;13;960227;61;2,17
75117;Paris 17e  Arrondissement;285303;18;132970;8;208607;13;960227;61;2,17
75118;Paris 18e  Arrondissement;285303;18;132970;8;208607;13;960227;61;2,17
75119;Paris 19e  Arrondissement;285303;18;132970;8;208607;13;960227;61;2,17
75101;Paris 1er Arrondissement;285303;18;132970;8;208607;13;960227;61;2,17
75120;Paris 20e  Arrondissement;285303;18;132970;8;208607;13;960227;61;2,17
75102;Paris 2e  Arrondissement;285303;18;132970;8;208607;13;960227;61;2,17
75103;Paris 3e  Arrondissement;285303;18;132970;8;208607;13;960227;61;2,17
75104;Paris 4e  Arrondissement;285303;18;132970;8;208607;13;960227;61;2,17
75105;Paris 5e  Arrondissement;285303;18;132970;8;208607;13;960227;61;2,17
75106;Paris 6e  Arrondissement;285303;18;132970;8;208607;13;960227;61;2,17
75107;Paris 7e  Arrondissement;285303;18;132970;8;208607;13;960227;61;2,17
75108;Paris 8e  Arrondissement;285303;18;132970;8;208607;13;960227;61;2,17
75109;Paris 9e  Arrondissement;285303;18;132970;8;208607;13;960227;61;2,17
95480;Parmain;774;20;846;22;679;17;1586;41;1,79
77355;Paroy;37;27;37;27;25;18;40;29;1,5
77356;Passy-sur-Seine;11;28;13;33;10;25;6;15;1,28
91482;Pecqueuse;76;18;112;27;66;16;162;39;1,76
77358;Penchard;227;29;227;29;127;16;205;26;1,39
78484;Perdreauville;104;24;98;22;84;19;151;35;1,65
95487;Persan;3379;40;2140;25;1467;17;1413;17;1,1
77359;Perthes;355;24;361;24;274;18;501;34;1,62
77361;Pierre-Lev√©e;71;21;98;29;65;19;100;30;1,57
93059;Pierrefitte-sur-Seine;8840;47;3699;20;3203;17;3227;17;1,05
95488;Pierrelaye;2254;39;1388;24;882;15;1201;21;1,17
95489;Piscop;114;24;103;22;98;21;159;34;1,66
78490;Plaisir;5237;24;4671;21;3734;17;8207;38;1,69
91495;Plessis-Saint-Benoist;48;22;59;27;38;18;72;33;1,62
77368;Poigny;118;32;130;35;57;15;68;18;1,19
78497;Poigny-la-For√™t;146;20;121;17;113;16;347;48;1,93
77369;Poincy;156;31;151;30;94;19;104;21;1,31
78498;Poissy;7119;27;4875;18;4558;17;9901;37;1,63
77370;Poligny;165;26;189;30;117;18;169;26;1,44
77371;Pommeuse;563;28;566;28;391;20;476;24;1,4
77372;Pomponne;758;26;607;21;592;21;928;32;1,59
77373;Pontault-Combault;7577;29;6040;23;5105;19;7628;29;1,48
77374;Pontcarr√©;317;20;447;29;345;22;442;28;1,57
78499;Ponth√©vrard;71;17;81;20;79;19;181;44;1,9
95500;Pontoise;6059;29;4032;19;3687;17;7291;35;1,58
78501;Porcheville;762;34;609;27;390;18;455;21;1,26
77376;Pr√©cy-sur-Marne;116;22;137;26;119;23;151;29;1,59
95504;Presles;592;21;676;24;522;19;1026;36;1,7
77377;Presles-en-Brie;395;25;432;28;303;19;436;28;1,5
77378;Pringy;540;25;603;28;399;18;635;29;1,51
77379;Provins;3664;42;2023;23;1489;17;1634;19;1,14
78506;Prunay-en-Yvelines;134;21;155;25;108;17;231;37;1,7
78505;Prunay-le-Temple;41;14;72;24;70;24;112;38;1,86
91507;Prunay-sur-Essonne;57;25;68;30;37;16;63;28;1,46
91508;Puiselet-le-Marais;39;19;42;20;43;21;84;40;1,82
95509;Puiseux-en-France;621;26;635;26;510;21;664;27;1,49
95510;Puiseux-Pontoise;106;28;58;15;62;16;150;40;1,67
77380;Puisieux;53;23;74;32;35;15;66;29;1,49
91511;Pussay;588;37;438;27;264;17;305;19;1,18
92062;Puteaux;5927;19;3989;13;4566;14;17403;55;2,06
77381;Quiers;109;23;167;36;107;23;84;18;1,36
91514;Quincy-sous-S√©nart;1797;28;1565;24;1210;19;1849;29;1,49
77382;Quincy-Voisins;743;20;924;25;785;21;1264;34;1,69
77384;R√©au;482;33;404;27;276;19;309;21;1,28
78516;Raizeux;113;17;133;20;128;19;294;44;1,9
78517;Rambouillet;4379;23;3252;17;2952;16;8330;44;1,81
77383;Rampillon;143;25;189;33;109;19;130;23;1,4
77385;Rebais;730;45;432;27;230;14;219;14;0,97
77386;Recloses;80;17;96;20;90;19;218;45;1,93
77387;Remauville;111;34;89;27;54;16;77;23;1,28
78518;Rennemoulin;9;11;7;9;11;14;52;66;2,35
77388;Reuil-en-Brie;131;23;196;34;117;20;136;23;1,43
91519;Richarville;58;20;81;27;45;15;112;38;1,71
78520;Richebourg;344;32;238;22;142;13;340;32;1,44
91521;Ris-Orangis;6297;32;4169;21;3812;20;5138;26;1,39
78522;Rochefort-en-Yvelines;82;12;91;14;121;18;367;56;2,18
91525;Roinville;235;24;210;22;194;20;336;34;1,64
91526;Roinvilliers;17;23;21;28;18;24;18;24;1,48
77390;Roissy-en-Brie;4492;29;3544;23;3076;20;4257;28;1,47
95527;Roissy-en-France;503;24;529;25;488;23;592;28;1,55
78528;Rolleboise;95;31;86;28;59;19;66;22;1,32
93063;Romainville;6555;36;3474;19;3053;17;4924;27;1,34
95529;Ronquerolles;136;22;153;25;113;18;220;35;1,66
78530;Rosay;55;20;70;26;62;23;87;32;1,68
93064;Rosny-sous-Bois;9966;32;5814;19;5966;19;9558;31;1,5
78531;Rosny-sur-Seine;1322;31;1153;27;821;19;977;23;1,34
77391;Rouilly;116;32;132;37;53;15;60;17;1,18
77392;Rouvres;100;18;149;26;104;18;215;38;1,76
77393;Rozay-en-Brie;627;30;572;27;387;18;507;24;1,35
77394;Rubelles;362;24;351;23;272;18;517;34;1,61
92063;Rueil-Malmaison;9229;17;7637;14;7710;14;29497;55;2,07
77395;Rumont;18;18;21;21;31;31;30;30;1,73
94065;Rungis;729;18;760;19;775;19;1743;43;1,86
77396;Rup√©reux;24;32;29;39;12;16;9;12;1,07
92072;S√®vres;2955;18;1775;11;2226;14;9469;58;2,13
77397;Sa√¢cy-sur-Marne;397;30;427;33;216;17;262;20;1,27
77398;Sablonni√®res;154;29;175;33;97;18;100;19;1,26
91533;Saclas;401;31;349;27;247;19;303;23;1,34
91534;Saclay;384;15;460;18;384;15;1377;53;2,07
95535;Sagy;175;22;217;27;145;18;275;34;1,65
78536;Sailly;70;26;80;30;47;18;70;26;1,44
78537;Saint-Arnoult-en-Yvelines;1049;24;1008;23;814;18;1530;35;1,64
91538;Saint-Aubin;38;7;64;13;52;10;353;70;2,43
77400;Saint-Augustin;276;22;377;30;240;19;378;30;1,58
77402;Saint-Barth√©lemy;65;26;93;37;41;16;50;20;1,29
77403;Saint-Brice;174;30;165;29;90;16;143;25;1,36
95539;Saint-Brice-sous-For√™t;2542;26;2080;21;1970;20;3193;33;1,6
91540;Saint-Ch√©ron;823;23;911;25;671;19;1184;33;1,62
95541;Saint-Clair-sur-Epte;221;33;202;30;130;19;121;18;1,22
92064;Saint-Cloud;2926;14;1711;8;2708;13;13456;65;2,29
95543;Saint-Cyr-en-Arthies;32;18;40;22;44;25;63;35;1,77
78545;Saint-Cyr-l'√âcole;2653;22;2097;17;1918;16;5594;46;1,87
91544;Saint-Cyr-la-Rivi√®re;79;20;102;26;86;22;120;31;1,63
91546;Saint-Cyr-sous-Dourdan;192;26;144;20;123;17;276;38;1,68
77405;Saint-Cyr-sur-Morin;399;29;376;28;265;20;317;23;1,37
93066;Saint-Denis;31888;43;11377;15;11812;16;18324;25;1,22
77406;Saint-Denis-l√®s-Rebais;169;24;207;29;153;22;181;25;1,48
91547;Saint-Escobille;90;24;100;27;79;21;100;27;1,5
77407;Saint-Fargeau-Ponthierry;2436;24;2462;24;1972;20;3224;32;1,6
77408;Saint-Fiacre;70;24;81;28;49;17;94;32;1,58
78548;Saint-Forget;41;11;57;16;59;16;210;57;2,19
78550;Saint-Germain-de-la-Grange;196;15;211;16;258;19;666;50;2,04
78551;Saint-Germain-en-Laye;4421;15;3296;11;4756;16;17965;59;2,2
91552;Saint-Germain-l√®s-Arpajon;2083;29;1745;25;1309;18;1943;27;1,42
91553;Saint-Germain-l√®s-Corbeil;831;16;975;19;1126;21;2330;44;1,93
77409;Saint-Germain-Laval;536;28;694;36;326;17;367;19;1,27
77410;Saint-Germain-Laxis;102;20;165;32;110;21;137;27;1,55
77411;Saint-Germain-sous-Doue;81;22;94;26;85;23;102;28;1,56
77412;Saint-Germain-sur-√âcole;65;24;67;25;57;21;83;31;1,6
77413;Saint-Germain-sur-Morin;560;22;635;25;526;21;805;32;1,63
95554;Saint-Gervais;197;29;150;22;139;20;198;29;1,49
95555;Saint-Gratien;4163;28;2933;20;2563;17;5102;35;1,59
91556;Saint-Hilaire;57;20;75;26;49;17;110;38;1,74
78557;Saint-Hilarion;112;17;137;21;118;18;276;43;1,86
77414;Saint-Hilliers;99;28;118;34;63;18;69;20;1,3
78558;Saint-Illiers-la-Ville;54;22;65;26;56;23;71;29;1,59
78559;Saint-Illiers-le-Bois;70;23;98;32;53;17;84;28;1,5
91560;Saint-Jean-de-Beauregard;56;19;57;20;57;20;118;41;1,83
77415;Saint-Jean-les-Deux-Jumeaux;270;30;248;27;147;16;246;27;1,4
77416;Saint-Just-en-Brie;40;24;57;34;36;21;35;21;1,39
77417;Saint-L√©ger;53;28;49;26;37;20;47;25;1,41
78562;Saint-L√©ger-en-Yvelines;201;21;158;16;159;16;457;47;1,89
78561;Saint-Lambert;33;10;55;17;54;17;185;57;2,22
95563;Saint-Leu-la-For√™t;2381;22;2230;20;1952;18;4499;41;1,79
77418;Saint-Loup-de-Naud;194;29;198;30;128;19;140;21;1,31
77426;Saint-M√©ry;35;13;67;25;61;23;101;38;1,85
77419;Saint-Mamm√®s;748;30;645;26;438;18;633;26;1,4
94067;Saint-Mand√©;2695;17;1300;8;2507;16;9509;59;2,17
77420;Saint-Mard;686;26;792;30;552;21;606;23;1,41
77421;Saint-Mars-Vieux-Maisons;53;26;69;34;43;21;37;18;1,3
78564;Saint-Martin-de-Br√©thencourt;97;21;126;28;73;16;160;35;1,65
77423;Saint-Martin-des-Champs;163;34;172;35;78;16;73;15;1,12
78565;Saint-Martin-des-Champs;40;18;51;23;36;16;97;43;1,84
77424;Saint-Martin-du-Boschet;57;27;75;35;56;26;24;11;1,2
95566;Saint-Martin-du-Tertre;473;24;575;30;362;19;539;28;1,52
77425;Saint-Martin-en-Bi√®re;111;20;125;22;93;17;232;41;1,79
78567;Saint-Martin-la-Garenne;166;23;168;24;146;21;229;32;1,62
94068;Saint-Maur-des-Foss√©s;11238;21;7121;13;8645;16;27131;50;1,95
94069;Saint-Maurice;2192;21;1158;11;1561;15;5295;52;1,97
91568;Saint-Maurice-Montcouronne;166;14;264;23;206;18;512;45;1,94
77427;Saint-Mesmes;76;18;113;27;102;25;123;30;1,67
91570;Saint-Michel-sur-Orge;3474;25;2981;21;2824;20;4613;33;1,6
78571;Saint-Nom-la-Bret√®che;356;11;250;7;555;16;2220;66;2,37
93070;Saint-Ouen;10926;32;5878;17;5386;16;12207;35;1,54
77428;Saint-Ouen-en-Brie;143;24;182;30;121;20;162;27;1,51
95572;Saint-Ouen-l'Aum√¥ne;4574;28;3857;24;3084;19;4849;30;1,52
77429;Saint-Ouen-sur-Morin;96;25;113;30;86;23;83;22;1,42
77430;Saint-Pathus;988;25;1131;28;843;21;1049;26;1,48
91573;Saint-Pierre-du-Perray;1377;19;1486;21;1438;20;2863;40;1,81
77431;Saint-Pierre-l√®s-Nemours;1334;32;1161;28;698;17;956;23;1,31
95574;Saint-Prix;1105;21;1023;20;868;17;2162;42;1,8
78576;Saint-R√©my-l'Honor√©;160;14;216;19;199;17;581;50;2,03
78575;Saint-R√©my-l√®s-Chevreuse;778;14;802;14;801;14;3313;58;2,16
77432;Saint-R√©my-la-Vanne;215;31;216;31;123;18;137;20;1,27
77434;Saint-Sauveur-l√®s-Bray;103;37;86;31;34;12;56;20;1,15
77435;Saint-Sauveur-sur-√âcole;169;20;174;21;164;19;341;40;1,79
77436;Saint-Sim√©on;185;28;201;30;123;18;156;23;1,35
77437;Saint-Soupplets;759;33;661;29;423;18;446;19;1,22
91578;Saint-Sulpice-de-Favi√®res;34;14;62;26;39;16;102;43;1,87
77438;Saint-Thibault-des-Vignes;1166;26;925;20;846;19;1580;35;1,63
91579;Saint-Vrain;588;26;491;22;437;19;739;33;1,59
95580;Saint-Witz;232;14;224;14;356;22;811;50;2,08
91581;Saint-Yon;121;18;141;21;133;20;275;41;1,84
77401;Sainte-Aulde;125;24;140;27;95;19;152;30;1,55
77404;Sainte-Colombe;456;34;444;33;210;16;236;18;1,19
91549;Sainte-Genevi√®ve-des-Bois;7584;29;5695;22;4602;18;7850;31;1,51
78569;Sainte-Mesme;202;29;147;21;100;15;236;34;1,53
91577;Saintry-sur-Seine;960;24;1042;26;731;18;1322;33;1,61
77433;Saints;338;22;434;28;336;22;417;27;1,53
77439;Salins;227;29;248;32;154;20;153;20;1,32
77440;Sammeron;253;31;221;27;161;20;181;22;1,33
77441;Samois-sur-Seine;336;22;203;13;277;18;742;48;1,93
77442;Samoreau;358;21;435;26;281;17;623;37;1,71
77443;Sancy;68;27;65;26;62;25;54;22;1,42
77444;Sancy-l√®s-Provins;73;33;66;30;39;17;45;20;1,24
95582;Sannois;5066;27;4059;22;3332;18;6068;33;1,57
94070;Santeny;469;18;480;18;532;20;1191;45;1,93
95584;Santeuil;81;17;123;25;99;20;182;38;1,79
95585;Sarcelles;15995;44;7108;20;6533;18;6772;19;1,13
78586;Sartrouville;11110;30;7601;20;5784;16;12610;34;1,54
91587;Saulx-les-Chartreux;887;23;885;23;654;17;1368;36;1,65
78588;Saulx-Marchais;115;18;131;21;125;20;265;42;1,87
77445;Savigny-le-Temple;5526;29;4154;22;4258;22;5151;27;1,47
91589;Savigny-sur-Orge;6936;27;5131;20;4618;18;9427;36;1,64
77446;Savins;102;23;137;31;89;20;117;26;1,49
92071;Sceaux;1728;13;1142;9;1619;12;8677;66;2,31
77447;Seine-Port;271;19;283;20;268;19;617;43;1,87
78590;Senlisse;61;16;45;12;67;17;214;55;2,11
77448;Sept-Sorts;102;30;95;28;58;17;88;26;1,4
78591;Septeuil;396;23;392;23;284;17;623;37;1,68
95592;Seraincourt;254;26;214;22;176;18;321;33;1,57
91593;Sermaise;244;20;301;25;210;17;453;38;1,73
77449;Serris;981;16;943;16;1456;24;2690;44;1,96
77450;Servon;515;23;553;24;492;22;717;31;1,61
95594;Seugy;135;18;202;26;149;19;280;37;1,75
93071;Sevran;13529;41;7008;21;6013;18;6238;19;1,14
77451;Signy-Signets;96;22;162;37;86;20;96;22;1,43
77452;Sigy;9;22;5;12;10;24;17;41;1,83
77453;Sivry-Courtry;184;22;225;27;168;20;261;31;1,6
77454;Sognolles-en-Montois;55;19;87;30;72;25;79;27;1,61
77455;Soignolles-en-Brie;368;26;411;29;249;17;401;28;1,47
78597;Soindres;102;21;143;30;98;20;137;29;1,57
77456;Soisy-Bouy;222;37;186;31;89;15;101;17;1,12
95598;Soisy-sous-Montmorency;3501;28;2446;19;2267;18;4459;35;1,6
91599;Soisy-sur-√âcole;231;24;265;27;153;16;322;33;1,58
91600;Soisy-sur-Seine;912;18;821;16;969;19;2471;48;1,98
77457;Solers;193;21;277;31;187;21;251;28;1,57
78601;Sonchamp;211;18;290;25;191;17;464;40;1,79
77458;Souppes-sur-Loing;1458;38;1118;29;577;15;686;18;1,13
77459;Sourdun;358;36;296;30;152;15;177;18;1,14
91602;Souzy-la-Briche;70;27;65;25;52;20;75;29;1,52
93072;Stains;11451;45;4972;20;4899;19;3908;15;1,03
94071;Sucy-en-Brie;4385;23;3425;18;3557;19;7440;40;1,76
92073;Suresnes;6136;18;3869;11;4938;15;18913;56;2,09
95604;Survilliers;688;25;788;28;546;19;782;28;1,5
78605;Tacoigni√®res;128;18;174;24;146;20;274;38;1,78
77460;Tancrou;84;33;71;28;41;16;57;23;1,29
95607;Taverny;4292;24;4257;23;3593;20;6107;33;1,62
78609;Tessancourt-sur-Aubette;130;18;203;28;140;19;259;35;1,71
95610;Th√©m√©ricourt;29;14;37;18;42;21;93;46;1,98
77461;Th√©nisy;69;33;53;25;39;19;49;23;1,32
95611;Theuville;8;30;8;30;3;11;8;30;1,42
94073;Thiais;6067;29;3967;19;3539;17;7204;35;1,58
77462;Thieux;166;30;123;22;142;26;124;22;1,4
78615;Thiverval-Grignon;90;16;92;16;93;17;285;51;2,03
78616;Thoiry;156;16;218;22;160;16;458;46;1,92
77463;Thomery;524;21;488;19;473;19;1047;41;1,8
77464;Thorigny-sur-Marne;1597;23;1518;22;1231;18;2468;36;1,66
77465;Thoury-F√©rottes;118;24;169;34;98;20;111;22;1,4
77466;Tigeaux;58;20;71;25;53;19;101;36;1,71
91617;Tigery;437;18;473;19;485;20;1072;43;1,88
78618;Tilly;86;22;100;26;71;18;130;34;1,64
77468;Torcy;4406;29;2804;18;3061;20;5049;33;1,57
91619;Torfou;39;20;32;16;41;21;86;43;1,87
77469;Touquin;239;28;240;29;158;19;202;24;1,39
77470;Tournan-en-Brie;1716;28;1542;25;1169;19;1711;28;1,47
77471;Tousson;78;27;79;28;56;20;72;25;1,43
78620;Toussus-le-Noble;75;10;83;11;119;16;454;62;2,29
78621;Trappes;8478;41;4681;23;3511;17;4011;19;1,14
93073;Tremblay-en-France;8266;34;5802;24;4604;19;5427;23;1,31
77473;Treuzy-Levelay;75;22;102;30;78;23;87;25;1,51
78624;Triel-sur-Seine;1808;22;1640;20;1425;17;3380;41;1,77
77474;Trilbardou;94;20;106;23;103;22;165;35;1,72
77475;Trilport;982;28;942;27;691;19;930;26;1,43
77476;Trocy-en-Multien;49;28;64;36;21;12;42;24;1,32
77477;Ury;171;27;145;23;128;20;200;31;1,56
95625;Us;270;29;213;23;191;20;271;29;1,5
77478;Ussy-sur-Marne;206;29;208;29;129;18;179;25;1,4
78640;V√©lizy-Villacoublay;2951;19;3151;21;2801;18;6437;42;1,83
95641;V√©mars;424;25;371;22;353;21;539;32;1,6
95651;V√©theuil;148;23;133;21;109;17;245;39;1,72
77479;Vaires-sur-Marne;2555;27;2104;22;1763;18;3113;33;1,57
77480;Valence-en-Brie;186;29;183;29;115;18;150;24;1,37
94074;Valenton;3750;40;2239;24;1709;18;1782;19;1,17
95627;Vallangoujard;83;19;111;25;79;18;165;38;1,75
95628;Valmondois;160;18;214;24;149;17;377;42;1,84
91629;Valpuiseaux;123;28;118;27;83;19;121;27;1,46
92075;Vanves;3412;17;2221;11;3077;16;11032;56;2,11
77481;Vanvill√©;37;28;46;34;27;20;24;18;1,28
91631;Varennes-Jarcy;287;17;335;20;317;19;710;43;1,87
77482;Varennes-sur-Seine;1006;40;739;30;353;14;397;16;1,06
77483;Varreddes;380;27;375;27;261;19;391;28;1,49
77484;Vaucourtois;20;12;50;30;34;20;64;38;1,84
92076;Vaucresson;757;13;480;8;779;13;3960;66;2,32
95633;Vaudherland;20;34;23;39;10;17;6;10;1,03
77486;Vaudoy-en-Brie;163;27;165;27;136;22;144;24;1,43
91634;Vaugrigneuse;200;21;198;21;153;16;401;42;1,79
91635;Vauhallan;264;18;222;15;210;14;804;54;2,05
93074;Vaujours;1374;29;1178;25;984;21;1264;26;1,45
95637;Vaur√©al;2053;19;2149;20;2221;21;4261;40;1,82
77487;Vaux-le-P√©nil;1903;24;1861;24;1427;18;2624;34;1,62
77489;Vaux-sur-Lunain;91;48;41;22;25;13;32;17;0,99
78638;Vaux-sur-Seine;660;19;783;23;570;17;1422;41;1,8
91639;Vayres-sur-Essonne;139;21;201;31;120;18;191;29;1,54
77490;Vendrest;182;34;174;33;98;18;80;15;1,14
77492;Verdelot;176;34;154;29;81;15;112;21;1,22
77493;Verneuil-l'√âtang;630;29;660;30;440;20;478;22;1,36
78642;Verneuil-sur-Seine;2181;20;1961;18;1791;17;4864;45;1,87
77494;Vernou-la-Celle-sur-Seine;409;21;590;30;404;21;548;28;1,56
78643;Vernouillet;1734;26;1077;16;985;15;2931;44;1,78
91645;Verri√®res-le-Buisson;1753;16;1337;12;1443;13;6360;58;2,12
78646;Versailles;8099;14;5689;10;8195;14;36502;62;2,24
78647;Vert;145;24;155;25;109;18;202;33;1,6
91648;Vert-le-Grand;290;17;420;24;346;20;671;39;1,81
91649;Vert-le-Petit;380;20;534;28;355;19;646;34;1,68
77495;Vert-Saint-Denis;1191;23;1270;25;1039;20;1600;31;1,58
95652;Viarmes;1039;27;961;25;656;17;1166;31;1,52
78653;Vicq;59;22;39;15;49;18;119;45;1,86
91654;Videlles;104;22;126;27;88;19;155;33;1,64
78655;Vieille-√âglise-en-Yvelines;87;16;97;18;87;16;266;50;2
95656;Vienne-en-Arthies;69;21;83;25;74;23;101;31;1,64
77496;Vieux-Champagne;33;24;45;33;27;20;32;23;1,42
77498;Vignely;27;14;66;33;37;19;70;35;1,76
91657;Vigneux-sur-Seine;7022;34;5103;24;3578;17;5126;25;1,33
95658;Vigny;115;15;179;23;141;18;331;43;1,88
91659;Villab√©;889;25;932;26;776;22;1001;28;1,54
95660;Villaines-sous-Bois;91;16;177;32;96;17;192;35;1,71
92077;Ville-d'Avray;1007;13;636;8;1046;14;4978;65;2,31
77516;Ville-Saint-Jacques;110;19;168;30;105;19;182;32;1,64
77500;Villeb√©on;91;26;112;32;51;15;96;27;1,43
91661;Villebon-sur-Yvette;1274;17;1295;17;1214;16;3659;49;1,96
77501;Villecerf;111;21;150;28;99;19;172;32;1,62
91662;Villeconin;87;16;129;24;110;21;203;38;1,8
94075;Villecresnes;2104;30;1557;22;1385;19;2061;29;1,47
94076;Villejuif;11749;31;6678;17;6325;16;13727;36;1,57
91666;Villejust;395;24;380;23;292;18;562;34;1,61
77504;Villemar√©chal;164;21;261;33;151;19;223;28;1,55
77505;Villemareuil;67;23;81;28;71;25;68;24;1,5
77506;Villemer;108;20;167;31;105;20;152;29;1,58
91667;Villemoisson-sur-Orge;1022;20;913;18;872;17;2288;45;1,87
93077;Villemomble;5845;28;4108;20;3829;18;7218;34;1,58
77507;Villenauxe-la-Petite;77;24;113;35;72;23;58;18;1,35
92078;Villeneuve-la-Garenne;6364;40;3331;21;2898;18;3442;21;1,2
77508;Villeneuve-le-Comte;353;27;283;22;248;19;429;33;1,59
94077;Villeneuve-le-Roi;5380;37;3229;22;2509;17;3372;23;1,25
77509;Villeneuve-les-Bordes;146;32;134;30;85;19;88;19;1,25
77510;Villeneuve-Saint-Denis;191;29;135;21;102;16;225;34;1,55
94078;Villeneuve-Saint-Georges;9537;43;4513;21;3757;17;4194;19;1,12
77511;Villeneuve-sous-Dammartin;110;26;127;30;98;23;92;22;1,42
91671;Villeneuve-sur-Auvers;108;24;117;25;86;19;148;32;1,59
77512;Villeneuve-sur-Bellot;296;35;242;29;141;17;160;19;1,2
78672;Villennes-sur-Seine;385;11;415;11;530;15;2295;63;2,3
77513;Villenoy;819;25;797;24;667;20;1052;32;1,6
77514;Villeparisis;5596;31;4149;23;3436;19;4686;26;1,39
93078;Villepinte;9239;38;5470;23;4443;18;5123;21;1,22
78674;Villepreux;1662;22;1403;19;1390;19;2955;40;1,77
95675;Villeron;105;20;161;30;115;22;147;28;1,58
77515;Villeroy;137;28;144;30;92;19;111;23;1,37
95676;Villers-en-Arthies;73;20;96;27;72;20;116;32;1,63
93079;Villetaneuse;3860;47;1592;19;1349;16;1439;17;1,02
78677;Villette;70;18;89;23;72;19;149;39;1,78
77517;Villevaud√©;536;35;295;19;256;17;430;28;1,37
95678;Villiers-Adam;128;21;136;22;96;15;264;42;1,78
77518;Villiers-en-Bi√®re;30;19;32;20;34;21;64;40;1,82
91679;Villiers-le-B√¢cle;102;12;160;18;138;16;471;54;2,12
95680;Villiers-le-Bel;7413;42;3589;20;3290;19;3292;19;1,15
78681;Villiers-le-Mahieu;74;14;114;21;103;19;241;45;1,94
95682;Villiers-le-Sec;34;26;30;23;32;24;35;27;1,52
78683;Villiers-Saint-Fr√©d√©ric;233;12;438;22;318;16;997;50;2,04
77519;Villiers-Saint-Georges;331;39;252;30;138;16;124;15;1,07
77520;Villiers-sous-Grez;129;23;131;24;93;17;204;37;1,69
94079;Villiers-sur-Marne;6116;30;4006;20;3521;17;6720;33;1,53
77521;Villiers-sur-Morin;300;23;316;24;278;21;436;33;1,65
91685;Villiers-sur-Orge;570;18;723;23;544;17;1293;41;1,8
77522;Villiers-sur-Seine;76;33;83;36;35;15;37;16;1,14
77523;Villuis;72;37;68;35;29;15;28;14;1,07
77524;Vimpelles;104;28;139;37;67;18;63;17;1,24
77525;Vinantes;76;29;87;33;52;20;47;18;1,27
94080;Vincennes;5209;14;3364;9;4740;13;23198;64;2,27
77526;Vincy-Man≈ìuvre;48;24;59;30;54;27;37;19;1,41
78686;Viroflay;1518;14;1122;10;1344;12;7243;65;2,29
91687;Viry-Ch√¢tillon;6999;33;4451;21;3760;18;5967;28;1,41
94081;Vitry-sur-Seine;22400;36;11760;19;10224;16;18260;29;1,38
77527;Voinsles;94;23;110;27;73;18;132;32;1,59
77528;Voisenon;153;19;219;28;135;17;285;36;1,7
78688;Voisins-le-Bretonneux;820;11;940;12;1072;14;4874;63;2,29
77529;Voulangis;280;26;258;24;218;20;336;31;1,57
77530;Voulton;74;30;65;27;49;20;56;23;1,36
77531;Voulx;503;39;380;29;206;16;215;16;1,09
77532;Vulaines-l√®s-Provins;9;20;12;27;11;24;13;29;1,62
77533;Vulaines-sur-Seine;381;19;438;22;315;16;831;42;1,8
91689;Wissous;1179;22;955;18;1085;20;2238;41;1,81
95690;Wy-dit-Joli-Village;59;22;46;17;58;22;106;39;1,78
77534;Y√®bles;126;21;166;28;120;20;184;31;1,61
91691;Yerres;4574;22;4338;21;3664;18;7986;39;1,74