Nom de la commune;Distance;note;Population totale
Écharcon;0,283166926;1,71;797
Échouboulains;0,699418444;1,43;565
Écouen;0,176379186;1,63;7378
Égligny;0,878843422;1,36;327
Égly;0,303597319;1,31;5640
Égreville;0,858752183;1,32;2213
Élancourt;0,395525338;1,84;26312
Émancé;0,668453951;1,98;911
Émerainville;0,262335079;1,67;7597
Épône;0,544242333;1,56;6558
Épiais-lès-Louvres;0,266961974;1,56;116
Épiais-Rhus;0,386178683;1,81;652
Épinay-Champlâtreux;0,243692757;1,72;67
Épinay-sous-Sénart;0,235629412;1,35;12605
Épinay-sur-Orge;0,183338925;1,7;10886
Épinay-sur-Seine;0,107226931;1,2;55349
Éragny;0,298544288;1,65;16707
Étampes;0,480770625;1,26;24940
Étiolles;0,243755276;2,16;3442
Étréchy;0,398750902;1,51;6609
Étrépilly;0,611552151;1,37;880
Évecquemont;0,438362983;1,86;805
Évry;0,241817518;1,55;54466
Évry-Grégy-sur-Yerre;0,352904675;1,75;2701
Ézanville;0,18571064;1,54;9659
Abbéville-la-Rivière;0,53345179;1,55;304
Ableiges;0,440249658;1,73;1079
Ablis;0,594575016;1,59;3434
Ablon-sur-Seine;0,148413165;1,51;5485
Achères;0,284558214;1,54;21111
Achères-la-Forêt;0,549054285;1,81;1197
Adainville;0,699288951;1,7;775
Aigremont;0,33679313;2,33;1171
Aincourt;0,615229373;1,39;934
Alfortville;0,09238311;1,62;45285
Allainville;0,589819417;1,38;310
Ambleville;0,718364457;1,38;407
Amenucourt;0,744486585;1,46;215
Amillis;0,795324158;1,38;814
Amponville;0,594482537;1,63;392
Andelu;0,538848354;1,9;478
Andilly;0,161688223;1,78;2604
Andrésy;0,324878951;1,92;12286
Andrezel;0,516374127;1,48;290
Angerville;0,642767961;1,21;4260
Angervilliers;0,391131016;1,61;1656
Annet-sur-Marne;0,366289229;1,75;3314
Antony;0,114327432;2,09;62415
Arbonne-la-Forêt;0,491307125;1,59;1066
Arcueil;0,04992838;1,72;21088
Argenteuil;0,145471934;1,34;110465
Argentières;0,559576191;1,61;396
Armentières-en-Brie;0,67878123;1,29;1323
Arnouville;0,14901386;1,18;14431
Arnouville-lès-Mantes;0,630994216;1,78;921
Arpajon;0,282852545;1,45;10710
Arrancourt;0,56242737;1,67;144
Arronville;0,398102429;1,69;668
Arthies;0,602123384;1,62;287
Arville;0,703517666;1,46;122
Asnières-sur-Oise;0,289019325;1,6;2656
Asnières-sur-Seine;0,086769239;1,93;87624
Athis-Mons;0,149039865;1,46;31841
Attainville;0,207557253;1,65;1798
Aubepierre-Ozouer-le-Repos;0,60112485;1,52;913
Aubergenville;0,511898394;1,33;11563
Aubervilliers;0,068733488;1,06;80834
Auffargis;0,477324443;2,05;2015
Aufferville;0,695779689;1,49;540
Auffreville-Brasseuil;0,651529935;1,59;658
Augers-en-Brie;1,020797187;1,46;309
Aulnay-sous-Bois;0,171524041;1,25;82935
Aulnay-sur-Mauldre;0,513596101;1,77;1172
Aulnoy;0,740623235;1,5;383
Auteuil;0,529994431;1,86;924
Authon-la-Plaine;0,560074167;1,48;375
Autouillet;0,55187934;1,98;483
Auvernaux;0,352871548;1,62;355
Auvers-Saint-Georges;0,395580494;1,72;1333
Auvers-sur-Oise;0,298534305;1,67;7090
Avernes;0,533509662;1,96;814
Avon;0,584804225;1,7;14254
Avrainville;0,313680272;1,69;932
Béhoust;0,62491579;1,79;478
Béthemont-la-Forêt;0,223385491;2,08;442
Baby;1,098779212;1,48;99
Bagneaux-sur-Loing;0,725048046;0,99;1704
Bagneux;0,067437325;1,56;39087
Bagnolet;0,075583922;1,44;36237
Baillet-en-France;0,21052501;1,62;2044
Bailly;0,268642745;2,36;4029
Bailly-Romainvilliers;0,467964744;1,98;7498
Ballainvilliers;0,191610927;1,81;4218
Ballancourt-sur-Essonne;0,333805798;1,34;7583
Balloy;0,923326199;1,31;332
Bannost-Villegagnon;0,861697736;1,41;686
Banthelu;0,599266097;1,67;150
Barbey;0,853951896;1,37;157
Barbizon;0,476758059;1,85;1261
Barcy;0,552496175;1,51;289
Bassevelle;0,935845952;1,39;345
Baulne;0,35992145;1,58;1319
Bazainville;0,682866371;1,84;1474
Bazemont;0,481144436;1,93;1573
Bazoches-lès-Bray;0,958690948;1,07;864
Bazoches-sur-Guyonne;0,502711432;2,17;594
Beauchamp;0,224908723;1,67;8836
Beauchery-Saint-Martin;1,101046566;1,42;425
Beaumont-du-Gâtinais;0,726891561;1,22;1182
Beaumont-sur-Oise;0,2907762;1,39;9794
Beauvoir;0,556504183;1,45;205
Bellefontaine;0,267895655;1,34;474
Bellot;0,975288244;1,41;789
Belloy-en-France;0,239930805;1,58;2175
Bennecourt;0,800486582;1,38;1835
Bernay-Vilbert;0,60742403;1,54;848
Bernes-sur-Oise;0,315601929;1,28;2681
Berville;0,438404731;1,76;346
Bessancourt;0,237498745;1,61;6676
Beton-Bazoches;0,908998785;1,09;894
Beynes;0,478910942;1,8;7681
Bezalles;0,910767785;1,43;257
Bezons;0,155446089;1,35;28678
Bièvres;0,171907149;2,14;4609
Blandy;0,533925747;1,66;709
Blandy;0,537406564;1,19;123
Blaru;0,888155106;1,6;929
Blennes;0,900023347;1,56;579
Bobigny;0,104963433;1,04;50806
Boigneville;0,525525603;1,52;412
Boinville-en-Mantois;0,604201836;1,79;318
Boinville-le-Gaillard;0,596683555;1,71;627
Boinvilliers;0,689178852;1,68;284
Bois-Colombes;0,102290031;1,98;28808
Bois-d'Arcy;0,333307239;1,75;14247
Bois-Herpin;0,492890641;1,59;76
Bois-le-Roi;0,516599946;2,11;5828
Boisdon;0,895270571;1,29;133
Boisemont;0,382508028;1,9;786
Boissets;0,76113551;1,52;263
Boissettes;0,423690821;1,89;433
Boissise-la-Bertrand;0,400026711;1,71;1193
Boissise-le-Roi;0,406779455;1,67;3848
Boissy-aux-Cailles;0,560337321;1,77;308
Boissy-l'Aillerie;0,390754701;1,83;1853
Boissy-la-Rivière;0,50377362;1,79;600
Boissy-le-Châtel;0,788749998;1,28;3170
Boissy-le-Cutté;0,388367494;1,36;1320
Boissy-le-Sec;0,449673815;1,68;690
Boissy-Mauvoisin;0,775398974;1,52;630
Boissy-Saint-Léger;0,206060168;1,47;16275
Boissy-sans-Avoir;0,552211706;1,88;618
Boissy-sous-Saint-Yon;0,332431375;1,61;3800
Boitron;0,914103831;1,35;388
Bombon;0,592238825;1,54;897
Bondoufle;0,241390468;1,67;9263
Bondy;0,143520063;1,17;53381
Bonnelles;0,396482982;1,93;1997
Bonneuil-en-France;0,141078514;1,41;935
Bonneuil-sur-Marne;0,160568991;1,18;17293
Bonnières-sur-Seine;0,795846363;1,19;4619
Bouafle;0,464190422;1,51;2128
Bouffémont;0,194799518;1,65;6228
Bougival;0,211438546;2,15;8989
Bougligny;0,727718406;1,24;741
Boulancourt;0,600737713;1,46;377
Bouleurs;0,559667822;1,54;1502
Boullay-les-Troux;0,349306759;2,24;647
Boulogne-Billancourt;0,110947279;2,26;118164
Bouqueval;0,187422486;1,12;321
Bouray-sur-Juine;0,34515444;1,57;2231
Bourdonné;0,701888956;1,85;519
Bourg-la-Reine;0,080314679;2,27;20245
Bourron-Marlotte;0,626910416;1,73;2824
Boussy-Saint-Antoine;0,247160766;1,62;6993
Boutervilliers;0,49685382;1,59;441
Boutigny;0,583481788;1,64;895
Boutigny-sur-Essonne;0,419824943;1,52;3046
Bouville;0,426612884;1,56;662
Bréançon;0,440089416;1,79;380
Bréau;0,607821115;1,5;336
Brétigny-sur-Orge;0,255196416;1,66;26227
Bréval;0,813609827;1,52;1901
Bransles;0,851969666;1,19;552
Bray-et-Lû;0,741582961;1,21;988
Bray-sur-Seine;0,996875114;1,05;2270
Breuil-Bois-Robert;0,640465108;1,64;733
Breuillet;0,335728766;1,64;8574
Breux-Jouy;0,352897168;1,45;1266
Brières-les-Scellés;0,440779188;1,55;1200
Brie-Comte-Robert;0,310484381;1,46;16943
Brignancourt;0,496114203;2;200
Briis-sous-Forges;0,314122358;1,81;3701
Brou-sur-Chantereine;0,293409402;1,45;4508
Brouy;0,530312722;1,5;143
Brueil-en-Vexin;0,562878616;1,8;720
Brunoy;0,22070445;1,75;26598
Bruyères-le-Châtel;0,30046304;1,71;3415
Bruyères-sur-Oise;0,308253136;1,31;4214
Bry-sur-Marne;0,175040506;1,99;16743
Buc;0,239197392;2,29;5818
Buchelay;0,686901045;1,5;2953
Buhy;0,729261063;1,44;322
Bullion;0,431409511;2,04;2001
Buno-Bonnevaux;0,499896004;1,49;479
Burcy;0,645031067;1,33;169
Bures-sur-Yvette;0,248976255;2,26;9905
Bussières;0,891683917;1,1;524
Bussy-Saint-Georges;0,374383158;2,09;26232
Bussy-Saint-Martin;0,330281786;1,93;723
Buthiers;0,5761197;1,41;768
Butry-sur-Oise;0,278861236;1,73;2283
Cély;0,43120546;1,63;1181
Cachan;0,064164766;1,86;30258
Cannes-Écluse;0,80723737;1,23;2585
Carnetin;0,354261016;1,67;455
Carrières-sous-Poissy;0,332681128;1,55;15546
Carrières-sur-Seine;0,180186501;1,98;15499
Cergy;0,351638183;1,68;63691
Cernay-la-Ville;0,430307579;2,19;1655
Cerneux;1,008181607;1,2;325
Cerny;0,369401992;1,57;3505
Cesson;0,379563533;1,67;10001
Cessoy-en-Montois;0,862529364;1,46;212
Chérence;0,708607188;1,65;163
Château-Landon;0,78754231;1,14;3191
Châteaubleau;0,806431009;1,22;355
Châteaufort;0,278304113;2,37;1437
Châtenay-en-France;0,240246842;2,12;74
Châtenay-Malabry;0,121068394;1,87;33518
Châtenay-sur-Seine;0,862559825;1,32;1014
Châtenoy;0,68191691;1,36;174
Châtillon;0,078725969;2,03;37480
Châtillon-la-Borde;0,572869616;1,71;227
Châtres;0,487760975;1,79;639
Chailly-en-Bière;0,465050592;1,5;2036
Chailly-en-Brie;0,787294213;1,33;1546
Chaintreaux;0,809474924;1,35;929
Chalautre-la-Grande;1,13880735;1,36;741
Chalautre-la-Petite;1,020005024;1,48;623
Chalifert;0,426498921;1,76;1294
Chalmaison;0,97762572;1,29;807
Chalo-Saint-Mars;0,528225416;1,69;1194
Chalou-Moulineux;0,5726346;1,64;428
Chamarande;0,361154043;1,69;1165
Chambourcy;0,318453202;2,05;5941
Chambry;0,564398946;1,44;966
Chamigny;0,804250812;1,45;1462
Champagne-sur-Oise;0,313562133;1,61;4864
Champagne-sur-Seine;0,638738741;1,21;6364
Champcenest;0,945743664;1,41;199
Champcueil;0,360598397;1,56;2920
Champdeuil;0,44688549;1,45;733
Champeaux;0,531172426;1,4;833
Champigny-sur-Marne;0,172138021;1,43;77009
Champlan;0,1613393;1,38;2734
Champmotteux;0,51060009;1,64;384
Champs-sur-Marne;0,247355401;1,69;25322
Changis-sur-Marne;0,685699398;1,58;1149
Chanteloup-en-Brie;0,391618261;1,83;3387
Chanteloup-les-Vignes;0,339692036;1,27;10327
Chapet;0,42447776;1,94;1274
Charenton-le-Pont;0,06629456;2,01;31112
Charmentray;0,441122232;1,7;260
Charmont;0,62679404;1,44;27
Charny;0,423505586;1,57;1266
Chars;0,516377724;1,38;2107
Chartrettes;0,511936451;1,99;2671
Chartronges;0,919444842;1,41;305
Chatignonville;0,566778081;1,74;58
Chatou;0,199585156;2,11;31432
Chauconin-Neufmontiers;0,497122144;1,27;3022
Chauffour-lès-Étréchy;0,389786893;1,69;144
Chauffry;0,832794673;1,49;1038
Chaufour-lès-Bonnières;0,878581244;1,57;452
Chaumes-en-Brie;0,529923547;1,53;3021
Chaumontel;0,289184028;1,46;3387
Chaussy;0,695714313;1,64;622
Chauvry;0,215045358;1,79;315
Chavenay;0,365954837;2,34;1908
Chaville;0,163025554;2,07;19889
Chelles;0,249938938;1,53;54202
Chennevières-lès-Louvres;0,273316214;1,41;320
Chennevières-sur-Marne;0,200678468;1,48;18221
Chenoise;0,87453052;1,1;1360
Chenou;0,752495021;1,17;312
Cheptainville;0,315773486;1,83;1941
Chessy;0,422024016;1,86;4906
Chevannes;0,332793797;1,66;1773
Chevilly-Larue;0,086667061;1,54;19275
Chevrainvilliers;0,658267619;1,65;227
Chevreuse;0,344269098;2,05;5847
Chevru;0,855395729;1,27;1118
Chevry-Cossigny;0,353046999;1,54;4042
Chevry-en-Sereine;0,860128249;1,47;525
Chilly-Mazarin;0,150440857;1,58;20200
Choisel;0,379424325;2,11;555
Choisy-en-Brie;0,868951454;1,3;1416
Choisy-le-Roi;0,112460276;1,58;43781
Citry;0,903455459;1,31;846
Civry-la-Forêt;0,732050145;1,8;361
Cléry-en-Vexin;0,572895116;1,61;430
Clairefontaine-en-Yvelines;0,50172866;2,05;909
Clamart;0,109966806;1,89;53007
Claye-Souilly;0,338495017;1,55;12033
Clichy;0,06607353;1,76;60174
Clichy-sous-Bois;0,204712691;0,88;30101
Clos-Fontaine;0,710806595;1,41;277
Cocherel;0,775604658;1,26;649
Coignières;0,447158361;1,45;4359
Collégien;0,329679668;1,67;3357
Colombes;0,12324682;1,72;85150
Combs-la-Ville;0,29910497;1,6;22307
Commeny;0,5356813;1,8;439
Compans;0,335986172;1,26;804
Conches-sur-Gondoire;0,370455805;1,9;1759
Condé-Sainte-Libiaire;0,48968764;1,55;1437
Condé-sur-Vesgre;0,68581601;1,88;1188
Condécourt;0,451474427;1,64;591
Conflans-Sainte-Honorine;0,289624424;1,73;35531
Congerville-Thionville;0,59128229;1,46;239
Congis-sur-Thérouanne;0,649473341;1,46;1994
Corbeil-Essonnes;0,277479052;1,37;50041
Corbreuse;0,528724557;1,58;1797
Cormeilles-en-Parisis;0,188569879;1,76;24075
Cormeilles-en-Vexin;0,419364559;1,57;1304
Coubert;0,399963142;1,42;2099
Coubron;0,236408297;1,58;4790
Couilly-Pont-aux-Dames;0,517312471;1,53;2215
Coulombs-en-Valois;0,810993018;1,32;626
Coulommes;0,581900403;1,51;419
Coulommiers;0,743581148;1,16;15238
Coupvray;0,445852116;1,76;2863
Courances;0,436585329;1,81;354
Courbevoie;0,103417412;2,18;85322
Courcelles-en-Bassée;0,830759893;1,59;251
Courcelles-sur-Viosne;0,41531442;1,86;296
Courchamp;0,964369533;1,54;162
Courdimanche;0,396382078;1,94;6764
Courdimanche-sur-Essonne;0,435624671;1,54;269
Courgent;0,690683705;1,72;403
Courpalay;0,64033613;1,48;1464
Courquetaine;0,434843971;1,83;207
Courson-Monteloup;0,328896885;1,98;619
Courtacon;0,95382638;1,33;254
Courtomer;0,581245402;1,58;525
Courtry;0,261961733;1,57;6729
Coutençon;0,751855905;1,49;298
Coutevroult;0,49929972;1,69;1081
Crécy-la-Chapelle;0,584521049;1,63;4350
Crégy-lès-Meaux;0,539395659;1,59;4786
Créteil;0,126708306;1,63;91780
Crèvecœur-en-Brie;0,566785853;1,55;395
Cravent;0,874861766;1,64;447
Crespières;0,428645385;2,11;1633
Crisenoy;0,468306183;1,65;664
Croissy-Beaubourg;0,30886691;1,78;2032
Croissy-sur-Seine;0,214891499;2,35;10351
Crosne;0,175753327;1,69;9111
Crouy-sur-Ourcq;0,767191638;1,19;1920
Cuisy;0,460220394;1,33;432
D'Huison-Longueville;0,39825871;1,52;1528
Dagny;0,828343184;1,39;343
Dammarie-les-Lys;0,439964217;1,4;21800
Dammartin-en-Goële;0,386663544;1,61;8998
Dammartin-en-Serve;0,733284218;1,7;1136
Dammartin-sur-Tigeaux;0,556421946;1,71;1009
Dampierre-en-Yvelines;0,404442992;2,05;1061
Dampmart;0,399288495;1,59;3286
Dannemarie;0,745216959;1,77;222
Dannemois;0,410333138;1,63;844
Darvault;0,690161375;1,34;864
Davron;0,40143948;2,15;331
Deuil-la-Barre;0,120013275;1,75;22216
Dhuisy;0,835676148;1,3;301
Diant;0,864033022;1,55;182
Domont;0,178148201;1,57;15461
Donnemarie-Dontilly;0,856221502;1,29;2972
Dormelles;0,763964663;1,78;834
Doue;0,820128644;1,4;1009
Dourdan;0,475877523;1,49;10671
Douy-la-Ramée;0,573887371;1,52;323
Drancy;0,118921933;1,07;69600
Draveil;0,190208737;1,58;29404
Drocourt;0,613592077;1,45;556
Dugny;0,122597556;1,16;10455
Eaubonne;0,154727797;1,76;24740
Ecquevilly;0,438629319;1,59;4126
Enghien-les-Bains;0,12474549;2,04;11330
Ennery;0,328548988;1,59;2421
Ermont;0,163328039;1,67;29253
Esbly;0,465980383;1,67;6284
Esmans;0,803373896;1,23;910
Everly;0,995913229;1,24;617
Féricy;0,59787531;1,91;604
Férolles-Attilly;0,313903982;1,88;1178
Faÿ-lès-Nemours;0,700682856;1,36;486
Faremoutiers;0,655724971;1,47;2665
Favières;0,425520431;1,67;1112
Favrieux;0,713016969;1,4;151
Ferrières-en-Brie;0,360360863;1,94;2827
Feucherolles;0,369925451;2,31;2947
Flacourt;0,710592314;1,59;135
Flagy;0,786525052;1,55;661
Fleury-en-Bière;0,45098891;1,7;672
Fleury-Mérogis;0,2209631;1,2;9321
Flexanville;0,605682054;1,92;602
Flins-Neuve-Église;0,773168362;1,69;160
Flins-sur-Seine;0,489527407;1,46;2335
Follainville-Dennemont;0,662269932;1,53;1899
Fontaine-Fourches;1,134862316;1,1;625
Fontaine-la-Rivière;0,52637021;1,8;247
Fontaine-le-Port;0,557877462;1,93;983
Fontainebleau;0,556295023;1,99;15196
Fontains;0,736916832;1,52;231
Fontenailles;0,661580631;1,52;1089
Fontenay-aux-Roses;0,088574166;1,97;23217
Fontenay-en-Parisis;0,219146157;1,48;1952
Fontenay-lès-Briis;0,304636832;1,79;1994
Fontenay-le-Fleury;0,304267817;1,83;13378
Fontenay-le-Vicomte;0,310930205;1,73;1293
Fontenay-Mauvoisin;0,709244426;1,84;408
Fontenay-Saint-Père;0,619426773;1,66;1019
Fontenay-sous-Bois;0,125175329;1,74;53923
Fontenay-Trésigny;0,536522888;1,35;5418
Forfry;0,539336701;1,73;238
Forges;0,739029401;1,37;595
Forges-les-Bains;0,353859211;1,85;3846
Fosses;0,288804062;1,43;9646
Fouju;0,494151404;1,56;588
Frémécourt;0,446319312;1,69;564
Frémainville;0,524344449;1,79;485
Frépillon;0,243734549;1,69;3194
Frétoy;0,866378455;1,58;171
Franconville;0,183924868;1,55;34261
Freneuse;0,764040003;1,12;4320
Fresnes;0,098909108;1,65;26980
Fresnes-sur-Marne;0,400858965;1,7;760
Fromont;0,620753354;1,64;220
Frouville;0,365173016;1,81;379
Fublaines;0,598043183;1,46;1156
Génicourt;0,375862001;1,56;520
Gagny;0,198232142;1,49;39455
Gaillon-sur-Montcient;0,484125463;1,68;693
Galluis;0,560487771;1,91;1156
Gambais;0,676321263;1,95;2465
Gambaiseuil;0,63100539;1,96;66
Garancières;0,591233789;1,71;2418
Garches;0,162367283;2,14;18086
Garentreville;0,654373426;1,51;110
Gargenville;0,555953427;1,36;7044
Garges-lès-Gonesse;0,129687197;1,02;42262
Gastins;0,708626118;1,46;722
Gazeran;0,612105738;1,71;1300
Genainville;0,650284341;1,53;564
Gennevilliers;0,097970376;1,22;43693
Gentilly;0,040467104;1,65;16478
Germigny-l'Évêque;0,623775797;1,64;1351
Germigny-sous-Coulombs;0,839557878;1,25;207
Gesvres-le-Chapitre;0,526974886;1,66;159
Gif-sur-Yvette;0,269629051;2,3;21842
Giremoutiers;0,684461617;1,77;154
Gironville;0,714965279;1,36;164
Gironville-sur-Essonne;0,487086971;1,5;801
Gometz-la-Ville;0,299986265;2,07;1467
Gometz-le-Châtel;0,272722004;1,99;2618
Gommecourt;0,785285195;1,47;685
Gonesse;0,171509287;1,22;26252
Gouaix;1,020360016;1,11;1544
Goupillières;0,58266042;1,91;521
Gournay-sur-Marne;0,226746585;1,9;6878
Goussainville;0,207365623;1,02;31719
Goussonville;0,58623295;1,87;629
Gouvernes;0,345880607;1,84;1159
Gouzangrez;0,511679744;1,93;174
Grandchamp;0,746570071;1,86;330
Grandpuits-Bailly-Carrois;0,683117506;1,17;1023
Gravon;0,90482084;1,26;151
Gressey;0,745689663;1,63;566
Gressy;0,334754077;1,97;893
Gretz-Armainvilliers;0,391469317;1,29;8628
Grez-sur-Loing;0,637513727;1,39;1445
Grigny;0,200371649;1,08;28487
Grisy-les-Plâtres;0,410493931;1,66;646
Grisy-Suisnes;0,368668692;1,58;2459
Grisy-sur-Seine;1,053564613;1,47;113
Groslay;0,131570969;1,6;8769
Grosrouvre;0,596071862;2,05;968
Guérard;0,603804505;1,56;2336
Guercheville;0,629378762;1,44;284
Guermantes;0,363671095;2,12;1180
Guernes;0,724742626;1,48;1099
Guerville;0,615995647;1,53;2158
Guibeville;0,296424071;1,82;734
Guignes;0,501304271;1,43;3487
Guigneville-sur-Essonne;0,390185271;1,58;981
Guillerval;0,556542308;1,6;821
Guiry-en-Vexin;0,558597658;1,73;179
Guitrancourt;0,590222606;1,57;627
Gurcy-le-Châtel;0,819814106;1,42;581
Guyancourt;0,284331843;1,89;27808
Hédouville;0,349799402;1,97;272
Héricy;0,602947247;1,79;2655
Hérouville;0,335174052;1,68;628
Haravilliers;0,448026893;1,71;558
Hardricourt;0,487643555;1,57;2101
Hargeville;0,604101652;1,9;443
Haute-Isle;0,723297863;1,65;294
Hautefeuille;0,620893943;0,97;304
Herbeville;0,4612269;2,06;263
Herblay;0,24767816;1,66;28274
Hermé;1,062693029;1,38;678
Hermeray;0,689804388;1,73;971
Hodent;0,653614279;1,34;232
Hondevilliers;0,964409411;1,46;255
Houdan;0,754002158;1,46;3519
Houilles;0,177152118;1,83;32840
Ichy;0,675282462;1,37;194
Igny;0,1708878;1,93;10464
Isles-lès-Villenoy;0,485960566;1,68;938
Isles-les-Meldeuses;0,679256594;1,4;805
Issou;0,575377136;1,41;4304
Issy-les-Moulineaux;0,089459106;2,19;68256
Itteville;0,338915528;1,64;6754
Iverny;0,464590562;1,42;588
Ivry-sur-Seine;0,05628599;1,56;60180
Jablines;0,412347686;1,88;688
Jagny-sous-Bois;0,247091543;1,6;253
Jaignes;0,737960762;1,47;267
Jambville;0,537108279;1,76;860
Janville-sur-Juine;0,364865594;1,84;2010
Janvry;0,28350927;1,78;647
Jaulnes;1,026161123;1,09;384
Jeufosse;0,831695591;1,3;425
Joinville-le-Pont;0,126323016;1,92;18577
Jossigny;0,415034053;1,47;663
Jouarre;0,765583433;1,34;4227
Jouars-Pontchartrain;0,445429131;1,96;5401
Jouy-en-Josas;0,205568892;2,27;8493
Jouy-le-Châtel;0,808698012;1,42;1587
Jouy-le-Moutier;0,352130191;1,58;16256
Jouy-Mauvoisin;0,712564835;1,46;566
Jouy-sur-Morin;0,925536457;1,06;2166
Juilly;0,394670931;1,35;2167
Jumeauville;0,567312026;1,75;615
Jutigny;0,948591241;1,13;546
Juvisy-sur-Orge;0,163475215;1,78;16312
Juziers;0,52912145;1,53;3863
L' Étang-la-Ville;0,288652243;2,39;4944
L' Île-Saint-Denis;0,089266694;1,32;7328
L' Haÿ-les-Roses;0,077880105;1,67;31029
L' Isle-Adam;0,278421111;1,79;12018
Léchelle;1,077893779;1,28;592
Lésigny;0,286463164;1,93;7523
Lévis-Saint-Nom;0,43236944;1,97;1703
La Boissière-École;0,70040086;1,73;856
La Brosse-Montceaux;0,848568225;1,3;799
La Celle-les-Bordes;0,456061828;2,18;876
La Celle-Saint-Cloud;0,213706437;2,02;21771
La Celle-sur-Morin;0,625547962;1,51;1322
La Chapelle-en-Vexin;0,702618331;1,55;332
La Chapelle-Gauthier;0,606979409;1,41;1482
La Chapelle-Iger;0,674564313;1,78;158
La Chapelle-la-Reine;0,579953825;1,36;2537
La Chapelle-Moutils;1,036703724;1,16;436
La Chapelle-Rablais;0,703733333;1,56;996
La Chapelle-Saint-Sulpice;0,882124792;1,39;238
La Courneuve;0,093892858;0,97;41115
La Croix-en-Brie;0,767152785;1,32;686
La Falaise;0,530045934;1,72;594
La Ferté-Alais;0,372650018;1,55;3998
La Ferté-Gaucher;0,957654535;0,88;4844
La Ferté-sous-Jouarre;0,785292912;1,29;9732
La Forêt-le-Roi;0,483709615;1,61;516
La Forêt-Sainte-Croix;0,48400117;1,7;164
La Frette-sur-Seine;0,209491147;1,9;4678
La Garenne-Colombes;0,117021474;2,08;29395
La Genevraye;0,673205098;1,62;726
La Grande-Paroisse;0,717701361;1,26;2785
La Haute-Maison;0,657609607;1,31;331
La Hauteville;0,736534426;1,98;187
La Houssaye-en-Brie;0,528177017;1,61;1659
La Madeleine-sur-Loing;0,738200433;1,42;354
La Norville;0,284401554;1,74;4157
La Queue-en-Brie;0,246982599;1,57;12048
La Queue-les-Yvelines;0,583559674;1,67;2229
La Roche-Guyon;0,751745483;1,55;503
La Rochette;0,465486853;1,86;3375
La Tombe;0,878898111;1,26;230
La Trétoire;0,898056639;1,44;475
La Verrière;0,409570107;1,26;6097
La Ville-du-Bois;0,209835165;1,57;7367
La Villeneuve-en-Chevrie;0,833912784;1,63;609
Labbeville;0,352609748;1,87;625
Lagny-sur-Marne;0,361515795;1,59;21630
Lainville-en-Vexin;0,571491039;1,83;828
Larchant;0,622883294;1,64;794
Lardy;0,335711079;1,66;5597
Lassy;0,257411458;1,76;176
Laval-en-Brie;0,742539188;1,42;466
Le Bellay-en-Vexin;0,55557564;1,7;252
Le Blanc-Mesnil;0,141547851;1,06;54606
Le Bourget;0,114754082;1,21;16105
Le Châtelet-en-Brie;0,574820354;1,4;4529
Le Chesnay;0,2202115;2,18;29197
Le Coudray-Montceaux;0,325613302;1,69;4848
Le Heaulme;0,468737768;1,75;208
Le Kremlin-Bicêtre;0,044869478;1,83;25871
Le Mée-sur-Seine;0,420822147;1,27;20969
Le Mesnil-Amelot;0,296012897;1,2;903
Le Mesnil-Aubry;0,204807822;1,49;932
Le Mesnil-le-Roi;0,237907533;1,98;6484
Le Mesnil-Saint-Denis;0,399049824;2,09;6806
Le Pecq;0,24705732;2,07;16753
Le Perchay;0,49674158;1,73;571
Le Perray-en-Yvelines;0,528953927;1,77;6849
Le Perreux-sur-Marne;0,15565869;1,96;33994
Le Pin;0,28616756;1,43;1433
Le Plessis-aux-Bois;0,445013789;1,34;276
Le Plessis-Bouchard;0,188773067;1,74;8175
Le Plessis-Feu-Aussoux;0,704307831;1,52;539
Le Plessis-Gassot;0,194334923;1,39;70
Le Plessis-l'Évêque;0,472520906;1,32;283
Le Plessis-Luzarches;0,264472288;1,61;145
Le Plessis-Pâté;0,246410537;1,71;4021
Le Plessis-Placy;0,667200963;1,42;280
Le Plessis-Robinson;0,114440119;1,97;29131
Le Plessis-Trévise;0,232284968;1,69;19854
Le Port-Marly;0,241283395;1,95;5516
Le Pré-Saint-Gervais;0,064679934;1,55;17666
Le Raincy;0,176344085;1,91;14751
Le Tartre-Gaudran;0,761349228;1,45;33
Le Tertre-Saint-Denis;0,745738337;1,66;122
Le Thillay;0,193067703;1,33;4196
Le Tremblay-sur-Mauldre;0,475940117;1,85;1021
Le Vésinet;0,222121805;2,41;16475
Le Val-Saint-Germain;0,391267531;1,87;1450
Le Vaudoué;0,53504316;1,83;783
Les Écrennes;0,636724092;1,43;604
Les Alluets-le-Roi;0,438290214;1,96;1273
Les Bréviaires;0,548565321;1,67;1296
Les Chapelles-Bourbon;0,499957065;1,59;408
Les Clayes-sous-Bois;0,366393912;1,59;17959
Les Essarts-le-Roi;0,473901123;1,73;6973
Les Granges-le-Roi;0,490531563;1,5;1214
Les Lilas;0,076387951;1,76;22928
Les Loges-en-Josas;0,22856656;2,28;1561
Les Marêts;0,984561185;1;155
Les Mesnuls;0,523852432;1,98;908
Les Molières;0,330503036;2;2097
Les Mureaux;0,455741798;1,12;31858
Les Ormes-sur-Voulzie;0,960669415;1,14;881
Les Pavillons-sous-Bois;0,163622662;1,48;23302
Les Ulis;0,238176435;1,47;24711
Lescherolles;1,005913447;1,26;494
Lesches;0,448295181;1,69;706
Leudeville;0,283467798;1,79;1470
Leudon-en-Brie;0,927481127;1,28;172
Leuville-sur-Orge;0,252537482;1,66;4335
Levallois-Perret;0,074628743;2,13;65942
Lieusaint;0,303610997;1,69;12261
Limay;0,62509371;1,26;16281
Limeil-Brévannes;0,177489729;1,56;25145
Limetz-Villez;0,824380848;1,46;1957
Limoges-Fourches;0,39282285;1,55;460
Limours;0,338191234;1,76;6833
Linas;0,2478628;1,48;6840
Lisses;0,267722684;1,62;7770
Lissy;0,423992616;1,42;204
Liverdy-en-Brie;0,459443698;1,5;1327
Livilliers;0,354454389;1,59;401
Livry-Gargan;0,197543137;1,45;44052
Livry-sur-Seine;0,485124002;1,53;1994
Lizines;0,87895627;1,45;192
Lizy-sur-Ourcq;0,694353628;1,05;3762
Lognes;0,285374449;1,63;13963
Lommoye;0,8447178;1,59;677
Longjumeau;0,1698037;1,57;21989
Longnes;0,772456863;1,5;1472
Longperrier;0,364758116;1,45;2492
Longpont-sur-Orge;0,221888462;1,73;6570
Longuesse;0,470772666;1,75;547
Longueville;0,95209762;0,93;1854
Longvilliers;0,44741404;1,98;505
Lorrez-le-Bocage-Préaux;0,822535221;1,52;1306
Louan-Villegruis-Fontaine;1,165095784;1,36;513
Louveciennes;0,235226489;2,28;7274
Louvres;0,244206796;1,46;10219
Luisetaines;0,924240711;1,34;245
Lumigny-Nesles-Ormeaux;0,619539699;1,6;1555
Luzancy;0,841219258;1,24;1142
Luzarches;0,277419477;1,65;4563
Médan;0,375187965;2,03;1444
Ménerville;0,759743644;1,55;217
Méré;0,532015477;2,03;1803
Méréville;0,601614127;1,45;3209
Méricourt;0,74776247;1,44;409
Mériel;0,261604961;1,62;5007
Mérobert;0,561940943;1,46;595
Méry-sur-Marne;0,863072969;1,47;675
Méry-sur-Oise;0,266720067;1,62;9374
Mézières-sur-Seine;0,574696279;1,66;3691
Mézy-sur-Seine;0,502478311;1,7;2025
Machault;0,639036207;1,5;794
Maffliers;0,233089411;1,73;1735
Magnanville;0,672989107;1,24;6107
Magny-en-Vexin;0,618897016;1,22;5654
Magny-le-Hongre;0,465816022;2,04;8377
Magny-les-Hameaux;0,317385968;1,84;9305
Maincy;0,466191393;1,59;1763
Maison-Rouge;0,856249265;1,28;908
Maisoncelles-en-Brie;0,645032437;1,58;878
Maisoncelles-en-Gâtinais;0,723840556;1,18;125
Maisons-Alfort;0,10099451;1,84;55420
Maisons-Laffitte;0,220608435;2,19;24251
Maisse;0,458011141;1,29;2765
Malakoff;0,063385944;1,8;30748
Mandres-les-Roses;0,248124857;1,58;4491
Mantes-la-Jolie;0,671217077;1,17;45346
Mantes-la-Ville;0,648210878;1,28;20045
Marchémoret;0,449556479;1,58;561
Marcilly;0,562501269;1,43;472
Marcoussis;0,251419978;1,71;8305
Marcq;0,525090655;1,88;754
Mareil-en-France;0,227272529;1,56;698
Mareil-le-Guyon;0,501201011;2,04;369
Mareil-Marly;0,273489807;2,4;3733
Mareil-sur-Mauldre;0,474824998;2,05;1797
Mareuil-lès-Meaux;0,525667177;1,53;2908
Margency;0,15967156;1,99;2969
Marines;0,46910954;1,58;3541
Marles-en-Brie;0,554755386;1,55;1548
Marly-la-Ville;0,278570343;1,59;5673
Marly-le-Roi;0,257810941;2,11;16861
Marnes-la-Coquette;0,183789759;2,34;1760
Marolles-en-Beauce;0,505305178;1,39;223
Marolles-en-Brie;0,81650762;1,55;403
Marolles-en-Brie;0,235506293;2;4913
Marolles-en-Hurepoix;0,292662694;1,71;5208
Marolles-sur-Seine;0,82900196;1,37;1721
Mary-sur-Marne;0,703262247;1,32;1214
Massy;0,145628118;1,86;49071
Mauchamps;0,359661881;1,83;276
Maudétour-en-Vexin;0,626394782;1,84;200
Maule;0,512107043;1,73;5920
Maulette;0,735649964;1,53;878
Mauperthuis;0,694767564;1,65;502
Maurecourt;0,329599252;1,8;4460
Mauregard;0,283809269;1,17;340
Maurepas;0,432902755;1,79;19018
May-en-Multien;0,710212999;1,34;909
Meaux;0,560891647;1,34;55465
Meigneux;0,82158751;1,61;255
Meilleray;1,069833541;1,27;521
Melun;0,437059805;1,44;40971
Melz-sur-Seine;1,104819562;1,38;374
Mennecy;0,307850757;1,89;13980
Menouville;0,384680513;1,75;78
Menucourt;0,412655057;1,58;5479
Mespuits;0,50034534;1,6;208
Messy;0,370253252;1,73;1126
Meudon;0,131577457;1,98;46184
Meulan-en-Yvelines;0,461714038;1,46;9377
Millemont;0,62512827;1,92;255
Milly-la-Forêt;0,464860659;1,54;4888
Milon-la-Chapelle;0,326993986;2;268
Misy-sur-Yonne;0,891696504;1,38;993
Mitry-Mory;0,291577564;1,29;19820
Mittainville;0,738073462;1,87;620
Moigny-sur-École;0,42607737;1,59;1292
Moisenay;0,487176422;1,67;1348
Moisselles;0,192884136;1,77;1439
Moisson;0,717568707;1,56;951
Moissy-Cramayel;0,334163845;1,51;17730
Mondeville;0,369225959;1,58;721
Mondreville;0,792562646;1,31;408
Mondreville;0,745139627;1,53;366
Monnerville;0,593915521;1,26;401
Mons-en-Montois;0,869765082;1,24;489
Montévrain;0,401073011;2,04;9856
Montainville;0,497058082;2;544
Montalet-le-Bois;0,554477212;1,84;336
Montceaux-lès-Meaux;0,651884128;1,59;613
Montceaux-lès-Provins;1,106835341;1,15;349
Montchauvet;0,722998092;1,98;277
Montcourt-Fromonville;0,662843369;1,51;2099
Montdauphin;1,070685793;1,05;242
Montenils;1,129768697;1,24;29
Montereau-Fault-Yonne;0,768326517;0,94;18592
Montereau-sur-le-Jard;0,413326692;1,56;540
Montesson;0,218404554;1,95;15394
Montfermeil;0,222902618;1,24;25920
Montfort-l'Amaury;0,546056085;1,58;3050
Montgé-en-Goële;0,432527603;1,71;729
Montgeron;0,194865703;1,64;23839
Montgeroult;0,415438566;1,87;418
Monthyon;0,508847355;1,35;1705
Montigny-lès-Cormeilles;0,209339131;1,4;21374
Montigny-le-Bretonneux;0,327685395;2,12;33844
Montigny-le-Guesdier;1,016967368;1,14;309
Montigny-Lencoup;0,809252383;1,43;1343
Montigny-sur-Loing;0,651112045;1,68;2800
Montlhéry;0,226042095;1,72;7777
Montlignon;0,171518671;2,06;2837
Montmachoux;0,835920799;1,54;233
Montmagny;0,116541439;1,44;13937
Montmorency;0,141178875;1,85;21167
Montolivet;1,083091476;1,42;255
Montreuil;0,099854841;1,64;105608
Montreuil-sur-Epte;0,734603872;1,59;441
Montrouge;0,049961124;2,11;49285
Montry;0,475511203;1,62;3559
Montsoult;0,222762511;1,53;3464
Morainvilliers;0,411338027;2,14;2819
Morangis;0,151236681;1,51;12692
Moret Loing et Orvanne;0,672869913;1,59;7782
Morigny-Champigny;0,435998127;1,51;4498
Mormant;0,591356507;1,19;4667
Morsang-sur-Orge;0,197135532;1,52;21621
Morsang-sur-Seine;0,315643784;1,7;582
Mortcerf;0,561116783;1,4;1468
Mortery;0,936885474;1,38;158
Mouroux;0,702585333;1,34;5286
Mours;0,28963084;1,64;1457
Mousseaux-lès-Bray;0,992465839;1,11;762
Mousseaux-sur-Seine;0,725834203;1,57;690
Moussy;0,522488987;1,6;138
Moussy-le-Neuf;0,337594238;1,55;3009
Moussy-le-Vieux;0,336664681;1,59;1161
Mouy-sur-Seine;0,991215664;1,03;364
Mulcent;0,697156421;1,7;98
Nézel;0,517206383;1,61;1135
Nainville-les-Roches;0,378304378;1,51;470
Nandy;0,33646082;1,61;5921
Nangis;0,724511232;1,18;8660
Nanteau-sur-Essonne;0,538948962;1,37;455
Nanteau-sur-Lunain;0,757930456;1,42;722
Nanterre;0,148352521;1,53;95704
Nanteuil-lès-Meaux;0,555451512;1,54;5896
Nanteuil-sur-Marne;0,882726753;1,36;467
Nantouillet;0,382505697;1,33;278
Neauphle-le-Château;0,445921586;2,07;3203
Neauphle-le-Vieux;0,491308628;2,19;974
Neauphlette;0,810680325;1,63;873
Nemours;0,695592553;1,09;13299
Nerville-la-Forêt;0,247799715;1,64;699
Nesles-la-Vallée;0,325068523;1,89;1823
Neufmoutiers-en-Brie;0,483744137;1,77;986
Neuilly-en-Vexin;0,488346912;1,73;193
Neuilly-Plaisance;0,161970947;1,7;21176
Neuilly-sur-Marne;0,191416844;1,49;35190
Neuilly-sur-Seine;0,088357617;2,34;63092
Neuville-sur-Oise;0,329676109;1,8;2054
Nogent-sur-Marne;0,133918618;2,17;31590
Nointel;0,280790402;1,56;816
Noiseau;0,221244934;1,7;4722
Noisiel;0,271269713;1,48;15652
Noisy-le-Grand;0,216324432;1,61;65140
Noisy-le-Roi;0,294089723;2,25;7881
Noisy-le-Sec;0,1166683;1,33;42754
Noisy-Rudignon;0,780884929;1,37;625
Noisy-sur-École;0,501889451;1,89;1927
Noisy-sur-Oise;0,28199052;1,72;682
Nonville;0,706873672;1,48;609
Noyen-sur-Seine;1,07154573;1,24;373
Nozay;0,222258583;1,84;4877
Nucourt;0,579775257;1,52;741
Obsonville;0,67373428;1,4;99
Ocquerre;0,733823653;1,26;455
Oinville-sur-Montcient;0,531323916;1,7;1119
Oissery;0,516707267;1,43;2172
Ollainville;0,279173341;1,6;4811
Omerville;0,690130302;1,55;315
Oncy-sur-École;0,483701908;1,52;1026
Orcemont;0,597165479;1,92;927
Orgerus;0,652780234;1,75;2350
Orgeval;0,384718709;2,08;6149
Orly;0,119627061;1,28;22857
Orly-sur-Morin;0,879081717;1,4;693
Ormesson;0,680823539;1,52;287
Ormesson-sur-Marne;0,202202667;1,47;10186
Ormoy;0,300622407;1,69;2002
Ormoy-la-Rivière;0,489067136;1,6;1003
Orphin;0,63012382;1,85;926
Orsay;0,222415523;2,2;16718
Orsonville;0,642998423;1,59;345
Orveau;0,407581918;1,79;202
Orvilliers;0,706280386;1,93;762
Osmoy;0,631783515;1,71;364
Osny;0,357095968;1,53;17408
Othis;0,381930988;1,5;6614
Ozoir-la-Ferrière;0,342809035;1,54;20472
Ozouer-le-Voulgis;0,467759342;1,53;1875
Pécy;0,755116689;1,29;851
Périgny;0,264259474;1,84;2567
Pézarches;0,650583723;1,64;421
Palaiseau;0,183421342;1,99;33318
Paley;0,793863198;1,48;443
Pamfou;0,643164385;1,49;961
Pantin;0,07487682;1,51;55175
Paray-Douaville;0,625204367;1,62;257
Paray-Vieille-Poste;0,129695476;1,36;7427
Paris 10e  Arrondissement;0,025752801;2,17;93078
Paris 11e  Arrondissement;0,030537405;2,17;153110
Paris 12e  Arrondissement;0,073315749;2,17;145249
Paris 13e  Arrondissement;0,028222879;2,17;183966
Paris 14e  Arrondissement;0,032665444;2,17;142521
Paris 15e  Arrondissement;0,056808546;2,17;237636
Paris 16e  Arrondissement;0,08698166;2,17;168208
Paris 17e  Arrondissement;0,053459663;2,17;171945
Paris 18e  Arrondissement;0,039325173;2,17;200440
Paris 19e  Arrondissement;0,049070177;2,17;188712
Paris 1er Arrondissement;0,015538057;2,17;16865
Paris 20e  Arrondissement;0,052930594;2,17;197004
Paris 2e  Arrondissement;0,015234196;2,17;21442
Paris 3e  Arrondissement;0,014301932;2,17;35761
Paris 4e  Arrondissement;0,008600952;2,17;27162
Paris 5e  Arrondissement;0,00896416;2,17;60965
Paris 6e  Arrondissement;0,016729568;2,17;44106
Paris 7e  Arrondissement;0,036459399;2,17;56519
Paris 8e  Arrondissement;0,0409533;2,17;38902
Paris 9e  Arrondissement;0,026080451;2,17;60148
Parmain;0,30719931;1,79;5700
Paroy;0,930495505;1,5;181
Passy-sur-Seine;1,083741699;1,28;54
Pecqueuse;0,373573114;1,76;612
Penchard;0,527152426;1,39;1100
Perdreauville;0,744803022;1,65;636
Persan;0,30668792;1,1;12534
Perthes;0,42458332;1,62;2124
Pierre-Levée;0,689327873;1,57;501
Pierrefitte-sur-Seine;0,108543674;1,05;29497
Pierrelaye;0,250629988;1,17;8335
Piscop;0,16331765;1,66;789
Plaisir;0,403881112;1,69;32244
Plessis-Saint-Benoist;0,534956988;1,62;318
Poigny;0,978277562;1,19;521
Poigny-la-Forêt;0,618365296;1,93;1000
Poincy;0,587324888;1,31;724
Poissy;0,329200264;1,63;37412
Poligny;0,741726734;1,44;834
Pommeuse;0,658292629;1,4;2912
Pomponne;0,327773797;1,59;3746
Pontault-Combault;0,273426498;1,48;38421
Pontcarré;0,363163402;1,57;2120
Ponthévrard;0,535112292;1,9;629
Pontoise;0,321971097;1,58;30960
Porcheville;0,593331718;1,26;3054
Précy-sur-Marne;0,426806422;1,59;809
Presles;0,265792671;1,7;3781
Presles-en-Brie;0,412968634;1,5;2265
Pringy;0,391434159;1,51;2851
Provins;0,982569785;1,14;12163
Prunay-en-Yvelines;0,634243595;1,7;836
Prunay-le-Temple;0,677524367;1,86;447
Prunay-sur-Essonne;0,501499762;1,46;318
Puiselet-le-Marais;0,4620388;1,82;293
Puiseux-en-France;0,25510672;1,49;3389
Puiseux-Pontoise;0,393818414;1,67;412
Puisieux;0,604938458;1,49;320
Pussay;0,613705457;1,18;2091
Puteaux;0,11453854;2,06;44792
Quiers;0,657820255;1,36;676
Quincy-sous-Sénart;0,256445171;1,49;8643
Quincy-Voisins;0,53066116;1,69;5212
Réau;0,369122765;1,28;1785
Raizeux;0,694751464;1,9;932
Rambouillet;0,559079117;1,81;26396
Rampillon;0,78858491;1,4;818
Rebais;0,884079732;0,97;2249
Recloses;0,591753078;1,93;734
Remauville;0,792195413;1,28;479
Rennemoulin;0,307167762;2,35;112
Reuil-en-Brie;0,821144793;1,43;830
Richarville;0,520460245;1,71;408
Richebourg;0,714771175;1,44;1574
Ris-Orangis;0,216451014;1,39;27576
Rochefort-en-Yvelines;0,451983034;2,18;939
Roinville;0,447690048;1,64;1349
Roinvilliers;0,520858856;1,48;91
Roissy-en-Brie;0,318777103;1,47;23090
Roissy-en-France;0,225428997;1,55;2881
Rolleboise;0,765140382;1,32;414
Romainville;0,094397083;1,34;25805
Ronquerolles;0,342212372;1,66;870
Rosay;0,667357355;1,68;368
Rosny-sous-Bois;0,139159597;1,5;44764
Rosny-sur-Seine;0,754281006;1,34;5899
Rouilly;0,975831794;1,18;499
Rouvres;0,425272113;1,76;801
Rozay-en-Brie;0,638086308;1,35;2901
Rubelles;0,439589875;1,61;2115
Rueil-Malmaison;0,172183957;2,07;80831
Rumont;0,601130391;1,73;129
Rungis;0,104005504;1,86;5716
Rupéreux;1,000472414;1,07;102
Sèvres;0,141916467;2,13;23572
Saâcy-sur-Marne;0,873760557;1,27;1837
Sablonnières;0,944895039;1,26;717
Saclas;0,548173557;1,34;1809
Saclay;0,217310432;2,07;3924
Sagy;0,429309892;1,65;1165
Sailly;0,586600605;1,44;386
Saint-Arnoult-en-Yvelines;0,500427646;1,64;6215
Saint-Aubin;0,250920207;2,43;716
Saint-Augustin;0,683106998;1,58;1785
Saint-Barthélemy;1,016254422;1,29;347
Saint-Brice;1,024906371;1,36;725
Saint-Brice-sous-Forêt;0,148501008;1,6;15017
Saint-Chéron;0,376703466;1,62;5072
Saint-Clair-sur-Epte;0,739079869;1,22;992
Saint-Cloud;0,140549749;2,29;29967
Saint-Cyr-en-Arthies;0,640763838;1,77;245
Saint-Cyr-l'École;0,286725751;1,87;18949
Saint-Cyr-la-Rivière;0,545887619;1,63;513
Saint-Cyr-sous-Dourdan;0,423788284;1,68;1025
Saint-Cyr-sur-Morin;0,827997721;1,37;1966
Saint-Denis;0,076867725;1,22;111752
Saint-Denis-lès-Rebais;0,850565381;1,48;957
Saint-Escobille;0,581815248;1,5;514
Saint-Fargeau-Ponthierry;0,360335341;1,6;14122
Saint-Fiacre;0,609227901;1,58;417
Saint-Forget;0,378837854;2,19;504
Saint-Germain-de-la-Grange;0,446908377;2,04;1886
Saint-Germain-en-Laye;0,264887954;2,2;41258
Saint-Germain-lès-Arpajon;0,2686946;1,42;10087
Saint-Germain-lès-Corbeil;0,268672463;1,93;7594
Saint-Germain-Laval;0,78413606;1,27;2893
Saint-Germain-Laxis;0,446337802;1,55;713
Saint-Germain-sous-Doue;0,790145404;1,56;514
Saint-Germain-sur-École;0,412258452;1,6;364
Saint-Germain-sur-Morin;0,491975214;1,63;3610
Saint-Gervais;0,665590002;1,49;978
Saint-Gratien;0,131917361;1,59;21225
Saint-Hilaire;0,487927736;1,74;405
Saint-Hilarion;0,661777363;1,86;904
Saint-Hilliers;0,936734297;1,3;481
Saint-Illiers-la-Ville;0,814121762;1,59;353
Saint-Illiers-le-Bois;0,844349124;1,5;449
Saint-Jean-de-Beauregard;0,258375858;1,83;335
Saint-Jean-les-Deux-Jumeaux;0,683508141;1,4;1219
Saint-Just-en-Brie;0,809614502;1,39;241
Saint-Léger;0,922486366;1,41;247
Saint-Léger-en-Yvelines;0,601665773;1,89;1454
Saint-Lambert;0,362804236;2,22;496
Saint-Leu-la-Forêt;0,195541488;1,79;15297
Saint-Loup-de-Naud;0,924914208;1,31;908
Saint-Méry;0,56513748;1,85;378
Saint-Mammès;0,662436952;1,4;3381
Saint-Mandé;0,071268411;2,17;22549
Saint-Mard;0,394477434;1,41;3864
Saint-Mars-Vieux-Maisons;0,977760767;1,3;278
Saint-Martin-de-Bréthencourt;0,549734552;1,65;654
Saint-Martin-des-Champs;0,987616481;1,12;700
Saint-Martin-des-Champs;0,630108212;1,84;327
Saint-Martin-du-Boschet;1,08676425;1,2;300
Saint-Martin-du-Tertre;0,25093325;1,52;2723
Saint-Martin-en-Bière;0,476229797;1,79;795
Saint-Martin-la-Garenne;0,695864591;1,62;1001
Saint-Maur-des-Fossés;0,154908965;1,95;76181
Saint-Maurice;0,095279082;1,97;14978
Saint-Maurice-Montcouronne;0,356791021;1,94;1615
Saint-Mesmes;0,389111711;1,67;613
Saint-Michel-sur-Orge;0,224447389;1,6;20085
Saint-Nom-la-Bretèche;0,329797211;2,37;5193
Saint-Ouen;0,058685372;1,54;47779
Saint-Ouen-en-Brie;0,639475195;1,51;865
Saint-Ouen-l'Aumône;0,291326355;1,52;24666
Saint-Ouen-sur-Morin;0,854776083;1,42;555
Saint-Pathus;0,491323425;1,48;6032
Saint-Pierre-du-Perray;0,29883523;1,81;10276
Saint-Pierre-lès-Nemours;0,668962023;1,31;5682
Saint-Prix;0,184966637;1,8;7311
Saint-Rémy-l'Honoré;0,484500932;2,03;1457
Saint-Rémy-lès-Chevreuse;0,308478409;2,16;7907
Saint-Rémy-la-Vanne;0,894175053;1,27;1000
Saint-Sauveur-lès-Bray;0,951327731;1,15;355
Saint-Sauveur-sur-École;0,399310265;1,79;1135
Saint-Siméon;0,846941908;1,35;915
Saint-Soupplets;0,489372384;1,22;3288
Saint-Sulpice-de-Favières;0,359329092;1,87;337
Saint-Thibault-des-Vignes;0,327130082;1,63;6441
Saint-Vrain;0,317149039;1,59;3109
Saint-Witz;0,308869052;2,08;2548
Saint-Yon;0,331525872;1,84;897
Sainte-Aulde;0,839255275;1,55;710
Sainte-Colombe;0,964679737;1,19;1849
Sainte-Geneviève-des-Bois;0,212971905;1,51;36246
Sainte-Mesme;0,51729513;1,53;935
Saintry-sur-Seine;0,298239147;1,61;5556
Saints;0,715983498;1,53;1411
Salins;0,792210758;1,32;1067
Sammeron;0,733534207;1,33;1124
Samois-sur-Seine;0,567446548;1,93;2174
Samoreau;0,604206523;1,71;2400
Sancy;0,612826656;1,42;382
Sancy-lès-Provins;1,053941608;1,24;339
Sannois;0,152280633;1,57;27394
Santeny;0,256252441;1,93;3718
Santeuil;0,478405379;1,79;655
Sarcelles;0,140692484;1,13;57455
Sartrouville;0,194371825;1,54;52264
Saulx-les-Chartreux;0,187487143;1,65;5229
Saulx-Marchais;0,51260223;1,87;926
Savigny-le-Temple;0,347542858;1,47;30444
Savigny-sur-Orge;0,169181619;1,64;37457
Savins;0,922080612;1,49;616
Sceaux;0,093431584;2,31;19896
Seine-Port;0,365291534;1,87;1950
Senlisse;0,412786782;2,11;525
Sept-Sorts;0,762422062;1,4;461
Septeuil;0,665118329;1,68;2361
Seraincourt;0,506597613;1,57;1322
Sermaise;0,414023638;1,73;1694
Serris;0,438833325;1,96;8681
Servon;0,279490694;1,61;3214
Seugy;0,273506201;1,75;1023
Sevran;0,20135316;1,14;50374
Signy-Signets;0,718025886;1,43;614
Sigy;0,899237888;1,83;54
Sivry-Courtry;0,519571773;1,6;1232
Sognolles-en-Montois;0,870293479;1,61;414
Soignolles-en-Brie;0,415200021;1,47;2036
Soindres;0,684480276;1,57;679
Soisy-Bouy;1,01169055;1,12;833
Soisy-sous-Montmorency;0,143378219;1,6;18307
Soisy-sur-École;0,397786175;1,58;1353
Soisy-sur-Seine;0,224488203;1,98;7109
Solers;0,424794652;1,57;1293
Sonchamp;0,548370466;1,79;1685
Souppes-sur-Loing;0,776697204;1,13;5566
Sourdun;1,062312019;1,14;1880
Souzy-la-Briche;0,38002681;1,52;403
Stains;0,109672444;1,03;38228
Sucy-en-Brie;0,204090379;1,76;26226
Suresnes;0,130186752;2,09;49041
Survilliers;0,319270065;1,5;4139
Tacoignières;0,683869929;1,78;1058
Tancrou;0,746390747;1,29;376
Taverny;0,215249117;1,62;26162
Tessancourt-sur-Aubette;0,463403401;1,71;989
Théméricourt;0,502819463;1,98;284
Thénisy;0,904654303;1,32;296
Theuville;0,412599523;1,42;24
Thiais;0,099586338;1,58;29138
Thieux;0,350767658;1,4;820
Thiverval-Grignon;0,415029072;2,03;1113
Thoiry;0,551328677;1,92;1355
Thomery;0,622650062;1,8;3598
Thorigny-sur-Marne;0,365601861;1,66;9406
Thoury-Férottes;0,811337864;1,4;695
Tigeaux;0,550639372;1,71;381
Tigery;0,269504115;1,88;3432
Tilly;0,774180181;1,64;549
Torcy;0,302432314;1,57;23791
Torfou;0,341091629;1,87;267
Touquin;0,690557938;1,39;1227
Tournan-en-Brie;0,444163833;1,47;8766
Tousson;0,52160435;1,43;388
Toussus-le-Noble;0,254390977;2,29;1200
Trappes;0,363907199;1,14;32158
Tremblay-en-France;0,240870802;1,31;34949
Treuzy-Levelay;0,731979054;1,51;464
Triel-sur-Seine;0,362146045;1,77;12189
Trilbardou;0,465256669;1,72;697
Trilport;0,626358261;1,43;5037
Trocy-en-Multien;0,641722641;1,32;255
Ury;0,570938258;1,56;857
Us;0,464975448;1,5;1328
Ussy-sur-Marne;0,741864857;1,4;1039
Vélizy-Villacoublay;0,166853936;1,83;20904
Vémars;0,30262202;1,6;2395
Vétheuil;0,675117453;1,72;873
Vaires-sur-Marne;0,287326304;1,57;13552
Valence-en-Brie;0,67972847;1,37;921
Valenton;0,150873747;1,17;13511
Vallangoujard;0,37246807;1,75;648
Valmondois;0,296802265;1,84;1224
Valpuiseaux;0,463422325;1,46;625
Vanves;0,069190929;2,11;28112
Vanvillé;0,822827088;1,28;166
Varennes-Jarcy;0,274156517;1,87;2367
Varennes-sur-Seine;0,757297769;1,06;3490
Varreddes;0,598992201;1,49;1929
Vaucourtois;0,609836447;1,84;228
Vaucresson;0,188940058;2,32;9093
Vaudherland;0,201435852;1,03;78
Vaudoy-en-Brie;0,750033949;1,43;891
Vaugrigneuse;0,350397607;1,79;1299
Vauhallan;0,193539406;2,05;1982
Vaujours;0,245295058;1,45;7034
Vauréal;0,369056489;1,82;16099
Vaux-le-Pénil;0,479120979;1,62;11057
Vaux-sur-Lunain;0,87951365;0,99;208
Vaux-sur-Seine;0,405577155;1,8;4809
Vayres-sur-Essonne;0,421899511;1,54;962
Vendrest;0,782574296;1,14;758
Verdelot;1,016722851;1,22;703
Verneuil-l'Étang;0,52970783;1,36;3246
Verneuil-sur-Seine;0,408564604;1,87;15455
Vernou-la-Celle-sur-Seine;0,674544209;1,56;2741
Vernouillet;0,389974096;1,78;10099
Verrières-le-Buisson;0,141520562;2,12;16127
Versailles;0,2364383;2,24;87550
Vert;0,671244985;1,6;837
Vert-le-Grand;0,270476934;1,81;2489
Vert-le-Petit;0,301874104;1,68;2820
Vert-Saint-Denis;0,396415316;1,58;7250
Viarmes;0,271276554;1,52;5323
Vicq;0,521341497;1,86;361
Videlles;0,391696464;1,64;632
Vieille-Église-en-Yvelines;0,508341356;2;751
Vienne-en-Arthies;0,661737733;1,64;450
Vieux-Champagne;0,833115633;1,42;189
Vignely;0,473656943;1,76;285
Vigneux-sur-Seine;0,169297462;1,33;31284
Vigny;0,476314838;1,88;1107
Villabé;0,286842092;1,54;5458
Villaines-sous-Bois;0,22210229;1,71;727
Ville-d'Avray;0,174119183;2,31;11676
Ville-Saint-Jacques;0,748954041;1,64;766
Villebéon;0,869742536;1,43;483
Villebon-sur-Yvette;0,194469201;1,96;10585
Villecerf;0,723847499;1,62;725
Villeconin;0,41501988;1,8;746
Villecresnes;0,225775628;1,47;9771
Villejuif;0,061593441;1,57;58169
Villejust;0,216103204;1,61;2308
Villemaréchal;0,780081716;1,55;864
Villemareuil;0,639445736;1,5;409
Villemer;0,728013105;1,58;737
Villemoisson-sur-Orge;0,192913976;1,87;6965
Villemomble;0,163188767;1,58;29707
Villenauxe-la-Petite;1,06556481;1,35;490
Villeneuve-la-Garenne;0,086483212;1,2;25128
Villeneuve-le-Comte;0,491348866;1,59;1867
Villeneuve-le-Roi;0,136049884;1,25;19978
Villeneuve-les-Bordes;0,770611727;1,25;611
Villeneuve-Saint-Denis;0,446371658;1,55;876
Villeneuve-Saint-Georges;0,150300744;1,12;33176
Villeneuve-sous-Dammartin;0,337074192;1,42;677
Villeneuve-sur-Auvers;0,397717507;1,59;627
Villeneuve-sur-Bellot;0,984641641;1,2;1174
Villennes-sur-Seine;0,362656957;2,3;5358
Villenoy;0,510349462;1,6;4327
Villeparisis;0,282453864;1,39;26107
Villepinte;0,215202588;1,22;36062
Villepreux;0,336446665;1,77;10266
Villeron;0,278418764;1,58;763
Villeroy;0,453044594;1,37;723
Villers-en-Arthies;0,660662322;1,63;513
Villetaneuse;0,103954721;1,02;12551
Villette;0,659098791;1,78;537
Villevaudé;0,318836579;1,37;2103
Villiers-Adam;0,24286006;1,78;849
Villiers-en-Bière;0,43752557;1,82;224
Villiers-le-Bâcle;0,258644946;2,12;1257
Villiers-le-Bel;0,164524734;1,15;27917
Villiers-le-Mahieu;0,575000279;1,94;707
Villiers-le-Sec;0,224158711;1,52;179
Villiers-Saint-Frédéric;0,467474462;2,04;2830
Villiers-Saint-Georges;1,07799881;1,07;1233
Villiers-sous-Grez;0,61222416;1,69;768
Villiers-sur-Marne;0,198313986;1,53;28500
Villiers-sur-Morin;0,520009317;1,65;1945
Villiers-sur-Orge;0,201125528;1,8;4360
Villiers-sur-Seine;1,107809784;1,14;314
Villuis;1,105143514;1,07;274
Vimpelles;0,914924589;1,24;530
Vinantes;0,418893303;1,27;372
Vincennes;0,089390581;2,27;49600
Vincy-Manœuvre;0,648723981;1,41;275
Viroflay;0,184478499;2,29;15781
Viry-Châtillon;0,185477999;1,41;31743
Vitry-sur-Seine;0,079347763;1,38;91870
Voinsles;0,690439335;1,59;625
Voisenon;0,42357827;1,7;1140
Voisins-le-Bretonneux;0,314881174;2,29;11687
Voulangis;0,541074839;1,57;1563
Voulton;1,020028381;1,36;318
Voulx;0,841857109;1,09;1844
Vulaines-lès-Provins;0,917677227;1,62;71
Vulaines-sur-Seine;0,595611959;1,8;2731
Wissous;0,125525185;1,81;7803
Wy-dit-Joli-Village;0,577147065;1,78;325
Yèbles;0,472368583;1,61;811
Yerres;0,199183695;1,74;29292