Code;Nom de la commune;Pas ou peu diplômés ;p sans;CAP ou BEP;p bep;BAC;p bac;Université;p uni;note;salaire
93027;La Courneuve;14049;51;4447;16;4251;15;4807;17;0,97;10,9
91286;Grigny;7602;44;3487;20;2977;17;3041;18;1,08;11,2
95268;Garges-l√®s-Gonesse;12832;48;5160;19;4328;16;4652;17;1,02;11,2
93008;Bobigny;16459;49;5966;18;5247;16;6157;18;1,04;11,3
93079;Villetaneuse;3860;47;1592;19;1349;16;1439;17;1,02;11,3
93001;Aubervilliers;28438;49;9193;16;8794;15;11369;20;1,06;11,4
95680;Villiers-le-Bel;7413;42;3589;20;3290;19;3292;19;1,15;11,4
93014;Clichy-sous-Bois;9632;54;3124;17;2814;16;2393;13;0,88;11,5
93072;Stains;11451;45;4972;20;4899;19;3908;15;1,03;11,5
93059;Pierrefitte-sur-Seine;8840;47;3699;20;3203;17;3227;17;1,05;11,6
95585;Sarcelles;15995;44;7108;20;6533;18;6772;19;1,13;11,7
93030;Dugny;2609;38;1679;24;1337;19;1272;18;1,16;11,9
77305;Montereau-Fault-Yonne;6171;48;2884;22;1994;15;1870;14;0,94;12,1
94074;Valenton;3750;40;2239;24;1709;18;1782;19;1,17;12,1
94078;Villeneuve-Saint-Georges;9537;43;4513;21;3757;17;4194;19;1,12;12,1
78621;Trappes;8478;41;4681;23;3511;17;4011;19;1,14;12,3
93007;Le Blanc-Mesnil;16697;45;7587;21;6215;17;6373;17;1,06;12,3
93071;Sevran;13529;41;7008;21;6013;18;6238;19;1,14;12,3
77051;Bray-sur-Seine;719;42;438;26;244;14;294;17;1,05;12,4
95280;Goussainville;9116;45;4479;22;3238;16;3212;16;1,02;12,4
78440;Les Mureaux;9535;44;4260;20;3424;16;4215;20;1,12;12,5
93031;√âpinay-sur-Seine;14726;41;6790;19;6964;19;7416;21;1,2;12,5
95277;Gonesse;6758;39;3695;21;3283;19;3731;21;1,22;12,5
95487;Persan;3379;40;2140;25;1467;17;1413;17;1,1;12,5
91235;Fleury-M√©rogis;3551;40;1914;22;1679;19;1742;20;1,2;12,6
93013;Le Bourget;4661;42;1967;18;1961;17;2629;23;1,21;12,6
93029;Drancy;21435;45;9926;21;7915;16;8868;18;1,07;12,6
77131;Coulommiers;4187;38;3036;28;1818;17;1926;18;1,16;12,7
77257;Lizy-sur-Ourcq;986;39;767;31;411;16;345;14;1,05;12,7
91174;Corbeil-Essonnes;11805;34;7374;21;6537;19;8837;26;1,37;12,7
91215;√âpinay-sous-S√©nart;2685;33;1851;23;1624;20;1910;24;1,35;12,7
93066;Saint-Denis;31888;43;11377;15;11812;16;18324;25;1,22;12,7
77333;Nemours;3861;41;2242;24;1607;17;1612;17;1,09;12,8
77385;Rebais;730;45;432;27;230;14;219;14;0,97;12,8
93010;Bondy;15153;42;6552;18;6441;18;7527;21;1,17;12,8
77285;Le M√©e-sur-Seine;4668;34;3286;24;2763;20;2832;21;1,27;12,9
78361;Mantes-la-Jolie;12985;43;5609;19;4668;16;6656;22;1,17;12,9
94011;Bonneuil-sur-Marne;4801;41;2717;23;1839;16;2436;21;1,18;12,9
77284;Meaux;12433;34;8283;23;6647;18;9270;25;1,34;13
91228;√âvry;12360;29;7999;19;8609;20;13657;32;1,55;13
92036;Gennevilliers;12782;40;6115;19;5364;17;7327;23;1,22;13
77327;Nangis;2096;36;1652;28;1045;18;1084;18;1,18;13,1
77379;Provins;3664;42;2023;23;1489;17;1634;19;1,14;13,1
77482;Varennes-sur-Seine;1006;40;739;30;353;14;397;16;1,06;13,1
92078;Villeneuve-la-Garenne;6364;40;3331;21;2898;18;3442;21;1,2;13,1
93053;Noisy-le-Sec;10859;37;5402;19;5162;18;7583;26;1,33;13,1
77079;Champagne-sur-Seine;1501;34;1309;30;747;17;827;19;1,21;13,2
77288;Melun;8943;33;5534;20;4702;17;8103;30;1,44;13,2
78335;Limay;3915;35;2751;25;2058;19;2314;21;1,26;13,2
91223;√âtampes;6289;37;3789;22;2764;16;4001;24;1,26;13,2
91016;Angerville;922;32;938;32;548;19;493;17;1,21;13,3
91511;Pussay;588;37;438;27;264;17;305;19;1,18;13,3
93078;Villepinte;9239;38;5470;23;4443;18;5123;21;1,22;13,3
94054;Orly;5737;37;3108;20;2781;18;3738;24;1,28;13,3
77183;La Fert√©-sous-Jouarre;2363;34;1779;26;1191;17;1602;23;1,29;13,5
77458;Souppes-sur-Loing;1458;38;1118;29;577;15;686;18;1,13;13,5
93005;Aulnay-sous-Bois;22200;40;11209;20;9793;18;12721;23;1,25;13,5
94081;Vitry-sur-Seine;22400;36;11760;19;10224;16;18260;29;1,38;13,5
95052;Beaumont-sur-Oise;2083;31;1712;25;1238;18;1773;26;1,39;13,5
77061;Cannes-√âcluse;568;31;618;34;297;16;344;19;1,23;13,6
77152;Dammarie-les-Lys;4970;33;3290;22;2586;17;4323;28;1,4;13,6
78644;La Verri√®re;1574;39;886;22;664;16;962;24;1,26;13,6
93055;Pantin;13561;35;5491;14;6049;16;13605;35;1,51;13,6
95019;Arnouville;3864;40;2268;23;1517;16;2037;21;1,18;13,6
77159;Donnemarie-Dontilly;672;32;634;30;376;18;445;21;1,29;13,7
78089;Bonni√®res-sur-Seine;1131;35;975;30;529;16;604;19;1,19;13,7
91692;Les Ulis;5171;32;3248;20;2773;17;5131;31;1,47;13,7
95612;Le Thillay;886;30;872;29;580;19;650;22;1,33;13,7
77317;Mormant;1191;35;995;29;593;18;596;18;1,19;13,8
77337;Noisiel;3345;32;2014;19;1846;18;3211;31;1,48;13,8
78138;Chanteloup-les-Vignes;2580;38;1428;21;1165;17;1597;24;1,27;13,8
78362;Mantes-la-Ville;4631;34;3419;25;2245;17;3130;23;1,28;13,8
91521;Ris-Orangis;6297;32;4169;21;3812;20;5138;26;1,39;13,8
77409;Saint-Germain-Laval;536;28;694;36;326;17;367;19;1,27;13,9
77468;Torcy;4406;29;2804;18;3061;20;5049;33;1,57;13,9
78168;Coigni√®res;910;30;767;25;539;18;847;28;1,45;13,9
91657;Vigneux-sur-Seine;7022;34;5103;24;3578;17;5126;25;1,33;13,9
93047;Montfermeil;6436;37;4175;24;2919;17;3800;22;1,24;13,9
93050;Neuilly-sur-Marne;7370;31;4909;21;4461;19;7108;30;1,49;13,9
93063;Romainville;6555;36;3474;19;3053;17;4924;27;1,34;13,9
94004;Boissy-Saint-L√©ger;3318;31;2324;22;2015;19;3079;29;1,47;13,9
94077;Villeneuve-le-Roi;5380;37;3229;22;2509;17;3372;23;1,25;13,9
95058;Bernes-sur-Oise;558;32;523;30;288;16;388;22;1,28;13,9
95572;Saint-Ouen-l'Aum√¥ne;4574;28;3857;24;3084;19;4849;30;1,52;13,9
77238;Jouarre;877;29;917;30;561;19;657;22;1,34;14
77445;Savigny-le-Temple;5526;29;4154;22;4258;22;5151;27;1,47;14
93006;Bagnolet;9105;36;4163;17;4202;17;7674;31;1,44;14
95116;Bruy√®res-sur-Oise;834;30;842;31;480;17;604;22;1,31;14
77258;Lognes;2636;28;1625;17;1793;19;3445;36;1,63;14,1
95018;Argenteuil;25967;35;16122;22;12570;17;19456;26;1,34;14,1
95604;Survilliers;688;25;788;28;546;19;782;28;1,5;14,1
77222;Guignes;684;26;761;29;563;21;640;24;1,43;14,2
77296;Moissy-Cramayel;3054;27;2741;24;2300;20;3310;29;1,51;14,2
94041;Ivry-sur-Seine;13684;33;6494;15;6418;15;15373;37;1,56;14,2
95127;Cergy;10126;26;6711;17;7708;20;14720;37;1,68;14,2
95351;Louvres;2008;29;1706;25;1371;20;1837;27;1,46;14,2
77192;Fontenay-Tr√©signy;1153;29;1133;29;775;20;858;22;1,35;14,3
77215;Gretz-Armainvilliers;2147;35;1454;24;1117;18;1424;23;1,29;14,3
77493;Verneuil-l'√âtang;630;29;660;30;440;20;478;22;1,36;14,3
77514;Villeparisis;5596;31;4149;23;3436;19;4686;26;1,39;14,3
78255;Freneuse;1153;38;885;29;484;16;527;17;1,12;14,3
78401;Meulan-en-Yvelines;1729;27;1658;26;1157;18;1784;28;1,46;14,3
93046;Livry-Gargan;9685;31;7047;23;5864;19;8579;28;1,45;14,3
94022;Choisy-le-Roi;9104;30;5479;18;5649;19;10297;34;1,58;14,3
95427;Montmagny;2767;31;1938;22;1668;19;2532;28;1,44;14,3
77042;Boissy-le-Ch√¢tel;702;31;660;29;418;18;486;21;1,28;14,4
77251;Lieusaint;1841;22;1756;21;1897;23;2846;34;1,69;14,4
77513;Villenoy;819;25;797;24;667;20;1052;32;1,6;14,4
91687;Viry-Ch√¢tillon;6999;33;4451;21;3760;18;5967;28;1,41;14,4
92007;Bagneux;7776;29;5265;20;4655;17;9234;34;1,56;14,4
93064;Rosny-sous-Bois;9966;32;5814;19;5966;19;9558;31;1,5;14,4
94044;Limeil-Br√©vannes;5056;28;3879;22;3349;19;5743;32;1,56;14,4
77055;Brou-sur-Chantereine;796;27;781;26;643;22;746;25;1,45;14,5
77294;Mitry-Mory;4350;33;3620;27;2384;18;2918;22;1,29;14,5
77390;Roissy-en-Brie;4492;29;3544;23;3076;20;4257;28;1,47;14,5
78029;Aubergenville;2540;31;2436;29;1294;16;1990;24;1,33;14,5
93070;Saint-Ouen;10926;32;5878;17;5386;16;12207;35;1,54;14,5
95063;Bezons;6811;34;4648;23;3378;17;5172;26;1,35;14,5
95355;Magny-en-Vexin;1386;35;1106;28;691;17;818;20;1,22;14,5
95488;Pierrelaye;2254;39;1388;24;882;15;1201;21;1,17;14,5
77311;Montigny-Lencoup;235;25;282;30;208;22;222;23;1,43;14,6
77326;Nandy;809;21;1020;26;831;21;1206;31;1,61;14,6
91027;Athis-Mons;7389;32;4556;20;4302;18;7039;30;1,46;14,6
93057;Les Pavillons-sous-Bois;4980;31;3318;20;3126;19;4881;30;1,48;14,6
93073;Tremblay-en-France;8266;34;5802;24;4604;19;5427;23;1,31;14,6
94076;Villejuif;11749;31;6678;17;6325;16;13727;36;1,57;14,6
77176;Faremoutiers;504;27;514;27;394;21;488;26;1,47;14,7
77320;Mouroux;1055;28;1124;30;709;19;834;22;1,34;14,7
78310;Houdan;857;31;561;20;496;18;838;30;1,46;14,7
94017;Champigny-sur-Marne;17410;33;10732;20;9323;18;15508;29;1,43;14,7
95142;Chars;447;30;394;26;306;20;356;24;1,38;14,7
95500;Pontoise;6059;29;4032;19;3687;17;7291;35;1,58;14,7
78531;Rosny-sur-Seine;1322;31;1153;27;821;19;977;23;1,34;14,8
91021;Arpajon;2243;29;1865;24;1289;17;2223;29;1,45;14,8
93074;Vaujours;1374;29;1178;25;984;21;1264;26;1,45;14,8
77259;Longperrier;474;28;438;25;354;21;452;26;1,45;14,9
77419;Saint-Mamm√®s;748;30;645;26;438;18;633;26;1,4;14,9
77431;Saint-Pierre-l√®s-Nemours;1334;32;1161;28;698;17;956;23;1,31;14,9
78314;Issou;757;27;807;29;552;20;676;24;1,41;14,9
91161;Chilly-Mazarin;3972;28;2796;20;2941;21;4530;32;1,58;14,9
94021;Chevilly-Larue;3998;30;2547;19;2482;18;4416;33;1,54;14,9
95250;Fosses;1818;28;1681;26;1348;21;1653;25;1,43;14,9
95566;Saint-Martin-du-Tertre;473;24;575;30;362;19;539;28;1,52;14,9
77210;La Grande-Paroisse;658;33;582;29;341;17;423;21;1,26;15
77373;Pontault-Combault;7577;29;6040;23;5105;19;7628;29;1,48;15
77437;Saint-Soupplets;759;33;661;29;423;18;446;19;1,22;15
77494;Vernou-la-Celle-sur-Seine;409;21;590;30;404;21;548;28;1,56;15
78501;Porcheville;762;34;609;27;390;18;455;21;1,26;15
91359;Maisse;663;33;556;28;377;19;413;21;1,29;15
91514;Quincy-sous-S√©nart;1797;28;1565;24;1210;19;1849;29;1,49;15
91659;Villab√©;889;25;932;26;776;22;1001;28;1,54;15
77088;La Chapelle-la-Reine;488;27;561;31;322;18;417;23;1,36;15,1
77108;Chelles;10607;29;8153;22;6913;19;11277;31;1,53;15,1
77330;Nanteuil-l√®s-Meaux;1016;24;1145;27;835;20;1250;29;1,54;15,1
77371;Pommeuse;563;28;566;28;391;20;476;24;1,4;15,1
91570;Saint-Michel-sur-Orge;3474;25;2981;21;2824;20;4613;33;1,6;15,1
93032;Gagny;8276;31;5580;21;5052;19;8047;30;1,49;15,1
93048;Montreuil;23492;31;10855;14;11461;15;30002;40;1,64;15,1
93061;Le Pr√©-Saint-Gervais;4126;32;2021;16;2124;17;4459;35;1,55;15,1
77053;Brie-Comte-Robert;3301;27;3115;25;2503;20;3369;27;1,46;15,2
77344;Oissery;354;25;413;29;335;24;319;22;1,43;15,2
77393;Rozay-en-Brie;627;30;572;27;387;18;507;24;1,35;15,2
77475;Trilport;982;28;942;27;691;19;930;26;1,43;15,2
91103;Br√©tigny-sur-Orge;4321;24;3952;22;3250;18;6373;36;1,66;15,2
91136;Champlan;605;31;501;26;332;17;511;26;1,38;15,2
93051;Noisy-le-Grand;12696;28;7886;17;8306;18;16456;36;1,61;15,2
94001;Ablon-sur-Seine;1187;29;794;20;895;22;1170;29;1,51;15,2
94002;Alfortville;9006;29;5305;17;5144;17;11429;37;1,62;15,2
77449;Serris;981;16;943;16;1456;24;2690;44;1,96;15,3
78118;Buchelay;576;27;558;26;369;17;632;30;1,5;15,3
91200;Dourdan;2278;30;1705;22;1256;17;2368;31;1,49;15,3
95527;Roissy-en-France;503;24;529;25;488;23;592;28;1,55;15,3
77083;Champs-sur-Marne;3850;24;3168;20;3037;19;6007;37;1,69;15,4
77122;Combs-la-Ville;3769;25;3330;22;3228;21;4879;32;1,6;15,4
77470;Tournan-en-Brie;1716;28;1542;25;1169;19;1711;28;1,47;15,4
78267;Gargenville;1464;28;1628;31;911;18;1186;23;1,36;15,4
95252;Franconville;6526;26;6185;24;4893;19;7985;31;1,55;15,4
77100;Le Ch√¢telet-en-Brie;930;28;953;29;594;18;805;25;1,4;15,5
77107;Chaumes-en-Brie;579;25;590;26;451;20;677;29;1,53;15,5
77378;Pringy;540;25;603;28;399;18;635;29;1,51;15,5
78123;Carri√®res-sous-Poissy;3233;30;2134;20;1674;15;3850;35;1,55;15,5
78238;Flins-sur-Seine;437;25;526;30;283;16;489;28;1,46;15,5
91045;Ballancourt-sur-Essonne;1765;32;1432;26;969;18;1310;24;1,34;15,5
77420;Saint-Mard;686;26;792;30;552;21;606;23;1,41;15,6
77495;Vert-Saint-Denis;1191;23;1270;25;1039;20;1600;31;1,58;15,6
78239;Follainville-Dennemont;347;23;426;29;291;20;415;28;1,53;15,6
91326;Juvisy-sur-Orge;2824;24;1920;16;2103;18;4991;42;1,78;15,6
91345;Longjumeau;4134;28;3247;22;2711;18;4924;33;1,57;15,6
93077;Villemomble;5845;28;4108;20;3829;18;7218;34;1,58;15,6
95323;Jouy-le-Moutier;2635;25;2601;24;1978;19;3431;32;1,58;15,6
77349;Othis;1096;24;1305;28;1012;22;1174;26;1,5;15,7
77382;Quincy-Voisins;743;20;924;25;785;21;1264;34;1,69;15,7
78354;Magnanville;1487;36;1105;26;678;16;906;22;1,24;15,7
91549;Sainte-Genevi√®ve-des-Bois;7584;29;5695;22;4602;18;7850;31;1,51;15,7
94037;Gentilly;3537;28;2133;17;2146;17;4696;38;1,65;15,7
94060;La Queue-en-Brie;1968;25;1912;24;1555;20;2454;31;1,57;15,7
95199;Domont;2835;26;2543;23;2054;19;3470;32;1,57;15,7
95539;Saint-Brice-sous-For√™t;2542;26;2080;21;1970;20;3193;33;1,6;15,7
77018;Bailly-Romainvilliers;724;15;804;17;1091;23;2115;45;1,98;15,8
77464;Thorigny-sur-Marne;1597;23;1518;22;1231;18;2468;36;1,66;15,8
78005;Ach√®res;3852;27;3451;24;2443;17;4632;32;1,54;15,8
94019;Chennevi√®res-sur-Marne;3997;31;2429;19;2328;18;3935;31;1,48;15,8
94073;Thiais;6067;29;3967;19;3539;17;7204;35;1,58;15,8
94079;Villiers-sur-Marne;6116;30;4006;20;3521;17;6720;33;1,53;15,8
77276;Mareuil-l√®s-Meaux;543;27;489;25;325;16;627;32;1,53;15,9
78003;Ablis;530;23;644;27;421;18;755;32;1,59;15,9
91097;Boussy-Saint-Antoine;1290;26;1046;21;1039;21;1664;33;1,62;15,9
91340;Lisses;1157;23;1245;24;1102;21;1636;32;1,62;15,9
91434;Morsang-sur-Orge;4100;28;3441;23;2635;18;4602;31;1,52;15,9
91479;Paray-Vieille-Poste;1838;33;1379;25;980;18;1363;25;1,36;15,9
77407;Saint-Fargeau-Ponthierry;2436;24;2462;24;1972;20;3224;32;1,6;16
78299;Hardricourt;406;26;363;23;302;19;497;32;1,57;16
91468;Ormoy;266;20;317;24;267;20;465;35;1,69;16
92024;Clichy;11276;27;6031;14;6482;15;18474;44;1,76;16
94034;Fresnes;5049;26;4048;21;3525;18;7114;36;1,65;16
95371;Marly-la-Ville;898;22;1071;27;833;21;1196;30;1,59;16
95388;Menucourt;915;24;1035;27;725;19;1177;31;1,58;16
95509;Puiseux-en-France;621;26;635;26;510;21;664;27;1,49;16
75119;Paris 19e  Arrondissement;285303;18;132970;8;208607;13;960227;61;2,17;16,1
77014;Avon;2626;26;1949;19;1719;17;3971;39;1,7;16,1
77219;Gu√©rard;440;25;421;24;367;21;529;30;1,56;16,1
77322;Moussy-le-Neuf;483;23;551;26;499;24;571;27;1,55;16,1
77377;Presles-en-Brie;395;25;432;28;303;19;436;28;1,5;16,1
77430;Saint-Pathus;988;25;1131;28;843;21;1049;26;1,48;16,1
77155;Dampmart;594;25;592;25;453;19;758;32;1,59;16,2
77171;Esbly;1008;23;1057;24;838;19;1541;35;1,67;16,2
78586;Sartrouville;11110;30;7601;20;5784;16;12610;34;1,54;16,2
93015;Coubron;823;24;842;25;671;20;1074;31;1,58;16,2
94043;Le Kremlin-Bic√™tre;4253;25;2419;14;2873;17;7745;45;1,83;16,2
95607;Taverny;4292;24;4257;23;3593;20;6107;33;1,62;16,2
77118;Claye-Souilly;2267;25;2232;25;1797;20;2700;30;1,55;16,3
77153;Dammartin-en-Go√´le;1479;22;1587;24;1488;22;2077;31;1,61;16,3
77181;Ferri√®res-en-Brie;361;16;446;20;477;21;991;44;1,94;16,3
77243;Lagny-sur-Marne;4153;28;2930;19;2803;19;5181;34;1,59;16,3
91191;Crosne;1353;21;1487;24;1286;20;2182;35;1,69;16,3
91432;Morangis;2649;28;2267;24;1594;17;2920;31;1,51;16,3
95091;Bouff√©mont;1035;25;873;21;769;18;1497;36;1,65;16,3
95370;Marines;599;24;613;25;504;20;755;31;1,58;16,3
95637;Vaur√©al;2053;19;2149;20;2221;21;4261;40;1,82;16,3
77111;Chessy;647;18;617;18;823;24;1414;40;1,86;16,4
77121;Coll√©gien;546;23;513;22;464;20;821;35;1,67;16,4
77315;Montry;554;22;648;26;505;20;812;32;1,62;16,4
78165;Les Clayes-sous-Bois;3328;27;2809;23;2109;17;4186;34;1,59;16,4
91085;Boissy-sous-Saint-Yon;612;22;717;26;566;21;851;31;1,61;16,4
91179;Le Coudray-Montceaux;712;21;729;22;713;21;1166;35;1,69;16,4
91377;Massy;7704;23;5186;15;5155;15;16080;47;1,86;16,4
91573;Saint-Pierre-du-Perray;1377;19;1486;21;1438;20;2863;40;1,81;16,4
92050;Nanterre;20069;32;11287;18;9714;15;22189;35;1,53;16,4
95056;Belloy-en-France;361;24;393;26;265;18;481;32;1,58;16,4
95060;Bessancourt;1201;24;1209;24;942;19;1673;33;1,61;16,4
95476;Osny;3366;28;2885;24;2128;18;3707;31;1,53;16,4
77335;Chauconin-Neufmontiers;768;32;706;30;414;17;488;21;1,27;16,5
91129;Cerny;595;24;602;25;511;21;740;30;1,57;16,5
91540;Saint-Ch√©ron;823;23;911;25;671;19;1184;33;1,62;16,5
91589;Savigny-sur-Orge;6936;27;5131;20;4618;18;9427;36;1,64;16,5
94003;Arcueil;3917;26;2456;17;2378;16;6047;41;1,72;16,5
95582;Sannois;5066;27;4059;22;3332;18;6068;33;1,57;16,5
95652;Viarmes;1039;27;961;25;656;17;1166;31;1,52;16,5
77085;Chanteloup-en-Brie;486;20;464;19;466;19;1029;42;1,83;16,6
78291;Guerville;355;23;456;29;268;17;468;30;1,53;16,6
78490;Plaisir;5237;24;4671;21;3734;17;8207;38;1,69;16,6
91105;Breuillet;1449;24;1379;23;1079;18;2104;35;1,64;16,6
91649;Vert-le-Petit;380;20;534;28;355;19;646;34;1,68;16,6
93049;Neuilly-Plaisance;3664;25;2736;19;2539;17;5780;39;1,7;16,6
94059;Le Plessis-Tr√©vise;3352;24;2973;21;2802;20;5131;36;1,69;16,6
95134;Champagne-sur-Oise;764;22;959;28;684;20;1079;31;1,61;16,6
95197;Deuil-la-Barre;3634;23;2911;19;2767;18;6302;40;1,75;16,6
95219;Ermont;5358;26;4014;19;3474;17;7748;38;1,67;16,6
95555;Saint-Gratien;4163;28;2933;20;2563;17;5102;35;1,59;16,6
75120;Paris 20e  Arrondissement;285303;18;132970;8;208607;13;960227;61;2,17;16,7
77139;Courtry;1057;23;1202;27;905;20;1346;30;1,57;16,7
77438;Saint-Thibault-des-Vignes;1166;26;925;20;846;19;1580;35;1,63;16,7
77487;Vaux-le-P√©nil;1903;24;1861;24;1427;18;2624;34;1,62;16,7
78498;Poissy;7119;27;4875;18;4558;17;9901;37;1,63;16,7
91339;Linas;1361;28;1132;23;907;19;1422;29;1,48;16,7
91433;Morigny-Champigny;820;26;866;27;558;17;951;30;1,51;16,7
77374;Pontcarr√©;317;20;447;29;345;22;442;28;1,57;16,8
77479;Vaires-sur-Marne;2555;27;2104;22;1763;18;3113;33;1,57;16,8
77517;Villevaud√©;536;35;295;19;256;17;430;28;1,37;16,8
93045;Les Lilas;4189;25;2492;15;2623;16;7128;43;1,76;16,8
77067;Cesson;1578;23;1536;22;1391;20;2448;35;1,67;16,9
77114;Chevry-Cossigny;721;26;652;24;552;20;813;30;1,54;16,9
77316;Moret Loing et Orvanne;2358;26;2148;23;1599;17;3110;34;1,59;16,9
78327;Juziers;625;23;837;30;500;18;792;29;1,53;16,9
77350;Ozoir-la-Ferri√®re;3862;27;3185;22;2634;18;4596;32;1,54;17
78383;Maurepas;2751;20;2843;21;2522;19;5337;40;1,79;17
91099;Boutigny-sur-Essonne;582;25;626;27;446;19;671;29;1,52;17
91135;Champcueil;578;27;469;22;418;19;680;32;1,56;17
91421;Montgeron;4667;28;3167;19;2840;17;6231;37;1,64;17
91461;Ollainville;834;25;775;23;616;19;1097;33;1,6;17
77413;Saint-Germain-sur-Morin;560;22;635;25;526;21;805;32;1,63;17,1
91086;Bondoufle;1366;21;1634;25;1300;20;2197;34;1,67;17,1
91201;Draveil;5512;27;4413;22;3510;17;6917;34;1,58;17,1
91425;Montlh√©ry;1153;21;1251;23;1052;19;1993;37;1,72;17,1
91617;Tigery;437;18;473;19;485;20;1072;43;1,88;17,1
77069;Chailly-en-Bi√®re;446;29;355;23;254;17;471;31;1,5;17,2
77372;Pomponne;758;26;607;21;592;21;928;32;1,59;17,2
78206;Ecquevilly;816;27;657;22;586;19;992;33;1,59;17,2
91405;Milly-la-For√™t;980;27;847;24;618;17;1152;32;1,54;17,2
91577;Saintry-sur-Seine;960;24;1042;26;731;18;1322;33;1,61;17,2
94046;Maisons-Alfort;9081;23;6324;16;7045;18;17418;44;1,84;17,2
95211;Ennery;445;25;429;24;317;18;595;33;1,59;17,2
77255;Livry-sur-Seine;365;24;471;30;240;15;475;31;1,53;17,3
78242;Fontenay-le-Fleury;2107;22;1603;17;1658;17;4220;44;1,83;17,3
91333;Leuville-sur-Orge;711;23;689;23;564;19;1078;35;1,66;17,3
95183;Courdimanche;756;17;787;18;838;19;2044;46;1,94;17,3
95288;Groslay;1568;27;1259;21;986;17;2043;35;1,6;17,3
77058;Bussy-Saint-Georges;2644;15;2258;13;3494;20;9210;52;2,09;17,4
77389;La Rochette;488;21;405;17;395;17;1048;45;1,86;17,4
78073;Bois-d'Arcy;2105;20;2368;23;1988;19;3993;38;1,75;17,4
78172;Conflans-Sainte-Honorine;5934;24;4960;20;4340;18;9559;39;1,73;17,4
78545;Saint-Cyr-l'√âcole;2653;22;2097;17;1918;16;5594;46;1,87;17,4
91115;Bruy√®res-le-Ch√¢tel;513;22;545;23;394;17;896;38;1,71;17,4
91156;Cheptainville;233;17;327;24;255;18;571;41;1,83;17,4
91376;Marolles-en-Hurepoix;743;20;939;25;728;19;1372;36;1,71;17,4
91665;La Ville-du-Bois;1329;26;1242;24;878;17;1695;33;1,57;17,4
94047;Mandres-les-Roses;870;26;761;23;604;18;1124;33;1,58;17,4
95598;Soisy-sous-Montmorency;3501;28;2446;19;2267;18;4459;35;1,6;17,4
91095;Bouray-sur-Juine;438;28;354;22;278;18;516;33;1,57;17,5
91587;Saulx-les-Chartreux;887;23;885;23;654;17;1368;36;1,65;17,5
91648;Vert-le-Grand;290;17;420;24;346;20;671;39;1,81;17,5
91685;Villiers-sur-Orge;570;18;723;23;544;17;1293;41;1,8;17,5
91114;Brunoy;4307;24;3384;19;3200;18;7221;40;1,75;17,6
91315;Itteville;977;21;1297;28;921;20;1504;32;1,64;17,6
91330;Lardy;861;22;970;25;698;18;1360;35;1,66;17,6
91691;Yerres;4574;22;4338;21;3664;18;7986;39;1,74;17,6
95026;Asni√®res-sur-Oise;453;24;472;25;347;18;615;33;1,6;17,6
95120;Butry-sur-Oise;310;20;374;24;303;19;581;37;1,73;17,6
95306;Herblay;4852;25;4224;21;3389;17;7318;37;1,66;17,6
95430;Montsoult;687;27;577;23;510;20;758;30;1,53;17,6
77128;Couilly-Pont-aux-Dames;422;27;333;22;345;22;442;29;1,53;17,7
91494;Le Plessis-P√¢t√©;606;22;599;21;583;21;1027;36;1,71;17,7
91666;Villejust;395;24;380;23;292;18;562;34;1,61;17,7
92046;Malakoff;5346;25;3314;16;3352;16;9308;44;1,8;17,7
94016;Cachan;4750;24;2735;14;2740;14;9257;48;1,86;17,7
95042;Baillet-en-France;336;23;358;25;274;19;474;33;1,62;17,7
77005;Annet-sur-Marne;409;18;545;24;523;23;786;35;1,75;17,8
77268;Magny-le-Hongre;798;15;685;13;1338;25;2551;47;2,04;17,8
77394;Rubelles;362;24;351;23;272;18;517;34;1,61;17,8
91579;Saint-Vrain;588;26;491;22;437;19;739;33;1,59;17,8
91689;Wissous;1179;22;955;18;1085;20;2238;41;1,81;17,8
94053;Noiseau;709;21;749;22;685;20;1219;36;1,7;17,8
95203;Eaubonne;3926;22;3414;19;3090;17;7255;41;1,76;17,8
75113;Paris 13e  Arrondissement;285303;18;132970;8;208607;13;960227;61;2,17;17,9
78090;Bouafle;423;27;405;26;249;16;494;31;1,51;17,9
78297;Guyancourt;3648;20;3252;17;3238;17;8556;46;1,89;17,9
95149;Chaumontel;640;27;661;27;463;19;643;27;1,46;17,9
95176;Cormeilles-en-Parisis;3705;22;3343;20;2963;18;6618;40;1,76;17,9
75118;Paris 18e  Arrondissement;285303;18;132970;8;208607;13;960227;61;2,17;18
77132;Coupvray;394;19;483;24;384;19;765;38;1,76;18
77217;Grisy-Suisnes;435;25;435;25;300;17;579;33;1,58;18
78486;Le Perray-en-Yvelines;983;20;1209;24;878;18;1941;39;1,77;18
91457;La Norville;582;20;688;24;514;18;1107;38;1,74;18
94075;Villecresnes;2104;30;1557;22;1385;19;2061;29;1,47;18
77040;Boissise-le-Roi;613;22;696;24;541;19;993;35;1,67;18,1
77442;Samoreau;358;21;435;26;281;17;623;37;1,71;18,1
78517;Rambouillet;4379;23;3252;17;2952;16;8330;44;1,81;18,2
94071;Sucy-en-Brie;4385;23;3425;18;3557;19;7440;40;1,76;18,2
95352;Luzarches;737;22;801;24;603;18;1146;35;1,65;18,2
94033;Fontenay-sous-Bois;9668;26;5931;16;5856;16;15838;42;1,74;18,3
94065;Rungis;729;18;760;19;775;19;1743;43;1,86;18,3
77312;Montigny-sur-Loing;484;24;442;21;371;18;760;37;1,68;18,4
91661;Villebon-sur-Yvette;1274;17;1295;17;1214;16;3659;49;1,96;18,4
92019;Ch√¢tenay-Malabry;4812;22;3539;16;3391;15;10512;47;1,87;18,4
92025;Colombes;15319;26;9678;17;9199;16;24091;41;1,72;18,4
95039;Auvers-sur-Oise;1166;23;1137;22;1004;20;1818;35;1,67;18,4
95051;Beauchamp;1455;23;1474;23;1151;18;2286;36;1,67;18,4
95491;Le Plessis-Bouchard;1169;20;1310;22;1122;19;2246;38;1,74;18,4
95504;Presles;592;21;676;24;522;19;1026;36;1,7;18,4
78062;Beynes;974;18;1334;25;1021;19;2097;39;1,8;18,5
91386;Mennecy;1706;17;1970;20;1943;20;4236;43;1,89;18,5
91477;Palaiseau;4242;19;3316;15;3239;14;11674;52;1,99;18,5
77359;Perthes;355;24;361;24;274;18;501;34;1,62;18,6
91639;Vayres-sur-Essonne;139;21;201;31;120;18;191;29;1,54;18,6
95563;Saint-Leu-la-For√™t;2381;22;2230;20;1952;18;4499;41;1,79;18,6
91044;Ballainvilliers;609;20;618;20;601;19;1278;41;1,81;18,7
91244;Fontenay-le-Vicomte;167;20;209;25;166;20;307;36;1,73;18,8
94055;Ormesson-sur-Marne;2443;33;1451;19;1193;16;2411;32;1,47;18,8
78484;Perdreauville;104;24;98;22;84;19;151;35;1,65;18,9
78220;Les Essarts-le-Roi;1048;22;1002;21;914;19;1807;38;1,73;19,1
78382;Maurecourt;602;20;663;22;501;16;1274;42;1,8;19,1
78513;La Queue-les-Yvelines;420;26;315;20;248;15;624;39;1,67;19,1
78674;Villepreux;1662;22;1403;19;1390;19;2955;40;1,77;19,1
91347;Longpont-sur-Orge;1020;22;1012;22;776;17;1785;39;1,73;19,1
93062;Le Raincy;2032;20;1611;16;2108;20;4622;45;1,91;19,1
94042;Joinville-le-Pont;2840;21;2060;15;2399;18;6366;47;1,92;19,1
77450;Servon;515;23;553;24;492;22;717;31;1,61;19,2
77463;Thomery;524;21;488;19;473;19;1047;41;1,8;19,2
78015;Andr√©sy;1680;18;1669;18;1647;18;4205;46;1,92;19,2
78311;Houilles;4777;21;4053;18;3476;15;10142;45;1,83;19,2
92032;Fontenay-aux-Roses;3271;20;2394;15;2647;16;8177;50;1,97;19,2
93033;Gournay-sur-Marne;824;17;961;20;932;19;2161;44;1,9;19,2
78465;Orgerus;323;19;447;26;322;19;637;37;1,75;19,3
78591;Septeuil;396;23;392;23;284;17;623;37;1,68;19,3
91275;Gometz-le-Ch√¢tel;318;18;285;16;259;15;913;51;1,99;19,3
91363;Marcoussis;1308;23;1239;22;937;16;2253;39;1,71;19,3
95313;L' Isle-Adam;1895;21;1868;20;1637;18;3765;41;1,79;19,3
95480;Parmain;774;20;846;22;679;17;1586;41;1,79;19,3
91458;Nozay;646;20;605;19;577;18;1364;43;1,84;19,4
78265;Garanci√®res;363;21;416;24;304;18;645;37;1,71;19,5
78356;Magny-les-Hameaux;1191;19;1345;22;953;15;2689;44;1,84;19,5
78502;Le Port-Marly;646;17;675;18;659;18;1771;47;1,95;19,5
91111;Briis-sous-Forges;509;20;506;20;406;16;1094;43;1,81;19,5
91667;Villemoisson-sur-Orge;1022;20;913;18;872;17;2288;45;1,87;19,5
94069;Saint-Maurice;2192;21;1158;11;1561;15;5295;52;1,97;19,5
78537;Saint-Arnoult-en-Yvelines;1049;24;1008;23;814;18;1530;35;1,64;19,6
92049;Montrouge;6155;17;4298;12;4780;14;20090;57;2,11;19,6
75110;Paris 10e  Arrondissement;285303;18;132970;8;208607;13;960227;61;2,17;19,7
78423;Montigny-le-Bretonneux;3202;14;3457;15;3686;16;12536;55;2,12;19,7
78638;Vaux-sur-Seine;660;19;783;23;570;17;1422;41;1,8;19,7
91249;Forges-les-Bains;538;20;502;19;456;17;1173;44;1,85;19,7
75111;Paris 11e  Arrondissement;285303;18;132970;8;208607;13;960227;61;2,17;19,8
91338;Limours;1139;23;904;19;849;17;1986;41;1,76;19,8
95428;Montmorency;3462;23;2276;15;2857;19;6727;44;1,85;19,8
75112;Paris 12e  Arrondissement;285303;18;132970;8;208607;13;960227;61;2,17;19,9
78624;Triel-sur-Seine;1808;22;1640;20;1425;17;3380;41;1,77;19,9
95257;La Frette-sur-Seine;579;17;646;19;610;18;1512;45;1,9;19,9
92004;Asni√®res-sur-Seine;12878;22;8019;13;8762;15;30153;50;1,93;20
94018;Charenton-le-Pont;3994;19;2878;13;3476;16;11112;52;2,01;20
77096;Chartrettes;287;15;376;20;304;16;929;49;1,99;20,1
92060;Le Plessis-Robinson;3737;18;3253;16;3435;17;10079;49;1,97;20,1
94058;Le Perreux-sur-Marne;4891;20;3437;14;3993;16;12175;50;1,96;20,1
77186;Fontainebleau;1966;18;1567;14;2109;19;5357;49;1,99;20,2
94015;Bry-sur-Marne;2128;18;1715;15;1959;17;5725;50;1,99;20,2
95450;Neuville-sur-Oise;312;23;251;19;213;16;579;43;1,8;20,2
91631;Varennes-Jarcy;287;17;335;20;317;19;710;43;1,87;20,3
92075;Vanves;3412;17;2221;11;3077;16;11032;56;2,11;20,4
77533;Vulaines-sur-Seine;381;19;438;22;315;16;831;42;1,8;20,5
78642;Verneuil-sur-Seine;2181;20;1961;18;1791;17;4864;45;1,87;20,5
92023;Clamart;8153;22;5969;16;5794;16;17318;47;1,89;20,5
95014;Andilly;431;23;329;18;324;17;783;42;1,78;20,5
95210;Enghien-les-Bains;1499;18;995;12;1468;18;4329;52;2,04;20,5
95369;Margency;316;15;370;18;348;17;1008;49;1,99;20,5
91600;Soisy-sur-Seine;912;18;821;16;969;19;2471;48;1,98;20,8
77248;Lesches;113;21;115;22;112;21;187;35;1,69;20,9
75114;Paris 14e  Arrondissement;285303;18;132970;8;208607;13;960227;61;2,17;21
78380;Maule;949;23;876;21;644;16;1669;40;1,73;21
78643;Vernouillet;1734;26;1077;16;985;15;2931;44;1,78;21,1
94068;Saint-Maur-des-Foss√©s;11238;21;7121;13;8645;16;27131;50;1,95;21,1
78442;Neauphle-le-Ch√¢teau;331;14;402;17;387;17;1222;52;2,07;21,2
78683;Villiers-Saint-Fr√©d√©ric;233;12;438;22;318;16;997;50;2,04;21,2
92002;Antony;7425;17;5606;13;6175;14;24292;56;2,09;21,2
94070;Santeny;469;18;480;18;532;20;1191;45;1,93;21,3
95574;Saint-Prix;1105;21;1023;20;868;17;2162;42;1,8;21,3
77048;Bourron-Marlotte;463;23;414;21;321;16;815;40;1,73;21,4
91312;Igny;1357;20;1123;16;1032;15;3357;49;1,93;21,5
92062;Puteaux;5927;19;3989;13;4566;14;17403;55;2,06;21,5
77037;Bois-le-Roi;619;15;599;14;649;16;2318;55;2,11;22
78124;Carri√®res-sur-Seine;1936;19;1451;14;1437;14;5230;52;1,98;22
94080;Vincennes;5209;14;3364;9;4740;13;23198;64;2,27;22
78397;Le Mesnil-Saint-Denis;660;14;738;15;791;16;2618;54;2,09;22,1
92035;La Garenne-Colombes;3595;17;2731;13;3066;15;11375;55;2,08;22,1
94052;Nogent-sur-Marne;3642;16;2497;11;3658;16;13418;58;2,17;22,1
92026;Courbevoie;8686;15;5982;10;8374;14;34789;60;2,18;22,2
78321;Jouars-Pontchartrain;731;18;635;16;720;18;1907;48;1,96;22,3
78372;Marly-le-Roi;1845;16;1610;14;1844;16;6356;55;2,11;22,3
95426;Montlignon;343;16;291;14;378;18;1087;52;2,06;22,3
92009;Bois-Colombes;4106;21;2422;12;2923;15;10428;52;1,98;22,4
92022;Chaville;2642;18;1755;12;1777;12;8262;57;2,07;22,4
94048;Marolles-en-Brie;480;14;637;19;669;20;1599;47;2;22,4
92040;Issy-les-Moulineaux;7718;16;4973;10;6395;13;29875;61;2,19;22,5
77172;Esmans;219;32;217;32;118;17;133;19;1,23;22,6
78263;Gambais;245;14;398;23;344;20;777;44;1,95;22,6
91471;Orsay;1637;15;1220;11;1360;13;6555;61;2,2;22,7
78418;Montesson;1920;18;1698;16;1690;16;5150;49;1,95;22,8
92014;Bourg-la-Reine;2097;15;1307;9;1819;13;9142;64;2,27;22,8
78481;Le Pecq;1948;17;1550;14;1588;14;6288;55;2,07;22,9
92048;Meudon;6194;19;4590;14;4583;14;16642;52;1,98;23
75115;Paris 15e  Arrondissement;285303;18;132970;8;208607;13;960227;61;2,17;23,1
91122;Bures-sur-Yvette;805;13;754;12;727;11;4049;64;2,26;23,1
77441;Samois-sur-Seine;336;22;203;13;277;18;742;48;1,93;23,2
78117;Buc;440;11;482;12;577;14;2500;63;2,29;23,4
91534;Saclay;384;15;460;18;384;15;1377;53;2,07;23,5
94067;Saint-Mand√©;2695;17;1300;8;2507;16;9509;59;2,17;23,5
92073;Suresnes;6136;18;3869;11;4938;15;18913;56;2,09;23,6
95580;Saint-Witz;232;14;224;14;356;22;811;50;2,08;24
75102;Paris 2e  Arrondissement;285303;18;132970;8;208607;13;960227;61;2,17;24,1
77432;Saint-R√©my-la-Vanne;215;31;216;31;123;18;137;20;1,27;24,1
78160;Chevreuse;702;17;604;15;584;14;2217;54;2,05;24,1
78420;Montfort-l'Amaury;737;33;297;13;383;17;834;37;1,58;24,2
78688;Voisins-le-Bretonneux;820;11;940;12;1072;14;4874;63;2,29;24,4
75104;Paris 4e  Arrondissement;285303;18;132970;8;208607;13;960227;61;2,17;24,5
92044;Levallois-Perret;8042;18;4578;10;5912;13;27012;59;2,13;24,5
78092;Bougival;920;15;731;12;959;16;3430;57;2,15;24,6
78146;Chatou;3441;16;2617;12;3117;14;12397;57;2,11;24,6
78686;Viroflay;1518;14;1122;10;1344;12;7243;65;2,29;24,6
91064;Bi√®vres;442;14;510;16;471;15;1818;56;2,14;24,6
92012;Boulogne-Billancourt;12916;15;7076;8;11258;13;54872;64;2,26;24,9
78646;Versailles;8099;14;5689;10;8195;14;36502;62;2,24;25
78126;La Celle-Saint-Cloud;2659;19;1974;14;2289;16;7447;52;2,02;25,2
92063;Rueil-Malmaison;9229;17;7637;14;7710;14;29497;55;2,07;25,2
75101;Paris 1er Arrondissement;285303;18;132970;8;208607;13;960227;61;2,17;25,3
75103;Paris 3e  Arrondissement;285303;18;132970;8;208607;13;960227;61;2,17;25,4
78158;Le Chesnay;3363;15;2635;11;3517;15;13414;59;2,18;25,4
75109;Paris 9e  Arrondissement;285303;18;132970;8;208607;13;960227;61;2,17;25,6
91272;Gif-sur-Yvette;1774;13;1380;10;1867;14;8802;64;2,3;25,6
75117;Paris 17e  Arrondissement;285303;18;132970;8;208607;13;960227;61;2,17;25,8
91635;Vauhallan;264;18;222;15;210;14;804;54;2,05;26,1
92072;S√®vres;2955;18;1775;11;2226;14;9469;58;2,13;26,1
75105;Paris 5e  Arrondissement;285303;18;132970;8;208607;13;960227;61;2,17;26,2
91645;Verri√®res-le-Buisson;1753;16;1337;12;1443;13;6360;58;2,12;26,4
78358;Maisons-Laffitte;2612;16;1824;11;2289;14;9902;60;2,19;26,6
78043;Bailly;285;11;247;9;419;16;1742;65;2,36;26,7
92071;Sceaux;1728;13;1142;9;1619;12;8677;66;2,31;26,8
78396;Le Mesnil-le-Roi;757;17;758;17;606;14;2250;51;1,98;27,2
78322;Jouy-en-Josas;577;12;524;11;703;15;2894;62;2,27;27,7
78431;Morainvilliers;284;15;275;15;260;14;1076;57;2,14;28,6
78551;Saint-Germain-en-Laye;4421;15;3296;11;4756;16;17965;59;2,2;29
92033;Garches;2062;17;1426;12;1748;14;7119;58;2,14;29,5
92077;Ville-d'Avray;1007;13;636;8;1046;14;4978;65;2,31;29,6
78466;Orgeval;650;16;599;15;590;14;2244;55;2,08;30
78455;Noisy-le-Roi;751;14;493;9;783;15;3260;62;2,25;30,2
78350;Louveciennes;683;14;427;9;746;15;3165;63;2,28;30,3
92064;Saint-Cloud;2926;14;1711;8;2708;13;13456;65;2,29;30,8
78672;Villennes-sur-Seine;385;11;415;11;530;15;2295;63;2,3;31,2
75108;Paris 8e  Arrondissement;285303;18;132970;8;208607;13;960227;61;2,17;32,5
75106;Paris 6e  Arrondissement;285303;18;132970;8;208607;13;960227;61;2,17;33
78133;Chambourcy;609;15;652;17;622;16;2055;52;2,05;33,2
78190;Croissy-sur-Seine;831;12;569;8;878;13;4589;67;2,35;33,6
92076;Vaucresson;757;13;480;8;779;13;3960;66;2,32;33,7
75116;Paris 16e  Arrondissement;285303;18;132970;8;208607;13;960227;61;2,17;36,3
78650;Le V√©sinet;1148;10;821;7;1357;12;7854;70;2,41;37,8
92051;Neuilly-sur-Seine;5940;14;2290;5;5975;14;29199;67;2,34;37,8
75107;Paris 7e  Arrondissement;285303;18;132970;8;208607;13;960227;61;2,17;39
78233;Feucherolles;229;12;214;11;279;14;1260;64;2,31;39,4
78571;Saint-Nom-la-Bret√®che;356;11;250;7;555;16;2220;66;2,37;41,7